Design_ID,beam_width,beam_length,fillet_radius,beam_height,status,max_stress_von_mises,max_deflection,modal_freq_1,modal_freq_2,modal_freq_3,modal_freq_4
1,0.8472052268983301,41.922899530926145,1.077138174815805,5.184627776902769,pending,,,,,,
2,0.685032575243303,40.025909861172295,1.6038680328052501,13.172910045361023,pending,,,,,,
3,1.431083127296686,31.235941242364547,0.9085065315340701,5.41616159045654,pending,,,,,,
4,1.611464132839128,15.796608435468714,0.4708501428932078,5.7307738939579105,pending,,,,,,
5,0.39347764955155773,44.13406075646036,1.2538526945709791,16.065671252139634,pending,,,,,,
6,1.750671342957091,41.55295528223225,1.7977389896221776,9.899159104818287,pending,,,,,,
7,0.550495243356884,32.58894997024099,1.0746597405671643,14.12485266014504,pending,,,,,,
8,1.539731614023241,16.26052158328466,1.9504473975886547,5.099082687693377,pending,,,,,,
9,0.31982367393765154,46.432250583408376,1.9649619456621858,17.345491466475316,pending,,,,,,
10,0.3960359158601474,14.409361001510243,0.42578666542871124,6.486399081844812,pending,,,,,,
11,0.2648584627837989,17.518896828246866,1.1753674678142505,11.149847256949244,pending,,,,,,
12,1.0259716870946733,32.26224820223499,0.789001201629372,16.540598351343107,pending,,,,,,
13,1.6453742305525172,10.691042790094633,1.1971617059467323,14.128652442778503,pending,,,,,,
14,0.9186548315565494,21.288901803724347,0.8994033401637282,13.25498460011254,pending,,,,,,
15,1.050047955865473,25.252352706690793,1.6870312814721802,17.85734500342637,pending,,,,,,
16,1.7602533572557222,48.31263002862552,1.7347602542013876,16.89886867110499,pending,,,,,,
17,1.729490379980668,38.63990515795159,0.14020558681654177,15.901087875378446,pending,,,,,,
18,1.61572091459198,21.61179606681791,0.6928863664776458,16.970914110597633,pending,,,,,,
19,0.24904499609336087,21.73766677317121,0.9767175341418642,11.113817160966606,pending,,,,,,
20,1.3682508840769947,35.0428319170085,0.9863798708769526,5.485864233197783,pending,,,,,,
21,0.33628231805329145,42.24423443412451,1.2123780604491727,12.16849459982685,pending,,,,,,
22,1.6562590214286534,24.456906695979068,1.2660436834489563,17.684705524692976,pending,,,,,,
23,1.8662417600328245,43.832983716210634,1.840678330320495,15.587000393645672,pending,,,,,,
24,0.2774394285571792,12.638628764571433,1.2466078123333821,12.32933170823132,pending,,,,,,
25,1.9712522686411318,24.924536876275916,1.8894493473421181,6.878564138371099,pending,,,,,,
26,0.4556092993461741,17.225779108157816,0.29639167908596165,5.613201147301161,pending,,,,,,
27,0.7244088389652602,19.495705266558367,0.18961105141733103,12.072666594882332,pending,,,,,,
28,1.4235724946497628,17.556258978579447,0.849423073067021,17.109693490839998,pending,,,,,,
29,1.6647892744678434,36.247818899090596,1.760620101551978,8.40201152025442,pending,,,,,,
30,1.6995473610545027,47.32489664375172,1.108193029191944,19.295395400915304,pending,,,,,,
31,1.8034299009876469,17.980989088460465,1.811008538695335,14.024367402765273,pending,,,,,,
32,0.12609446021091378,32.09018832750655,1.6264610115734321,18.336696233181282,pending,,,,,,
33,0.27334969498202394,17.579270424343648,1.5362864386920907,16.86286879116949,pending,,,,,,
34,1.8463804827299557,19.465702226368318,0.6642445044108901,6.30599305894586,pending,,,,,,
35,0.41475573112485387,47.94531075752839,1.54627178900127,5.363568724549557,pending,,,,,,
36,1.7100725605860307,21.84847056591328,1.3806208476525474,8.946662049818066,pending,,,,,,
37,1.099769165281706,12.137024620708225,0.4652339401329717,14.932243541967264,pending,,,,,,
38,0.15707022220849176,24.20204804771873,0.48963556427983046,12.446195546777913,pending,,,,,,
39,1.891537994024752,20.606602973627222,1.9365099144191413,8.547415537937827,pending,,,,,,
40,0.5774661179617975,47.96597836000299,1.0795168466351008,17.45930660747068,pending,,,,,,
41,1.7451160393948193,49.379113916978625,1.3742727362714695,16.96591281334431,pending,,,,,,
42,1.1331494562556514,39.7261601220936,0.3453354005579297,15.683244701127915,pending,,,,,,
43,1.4081070909147224,48.42899873281858,1.79461696654769,13.089124173941046,pending,,,,,,
44,1.81997864133786,44.102412260978234,1.5161978506129783,16.744574965209594,pending,,,,,,
45,0.44936942707862826,35.12705257881626,0.9330509828405302,18.059751879057906,pending,,,,,,
46,0.7607015283563013,10.66129261549849,0.5015204783885974,5.915579563034185,pending,,,,,,
47,0.5538054193407091,27.57640217874102,1.2772192432652905,7.995180040885245,pending,,,,,,
48,1.7085433454292998,25.81270524160961,0.7374147392242784,17.72385037360899,pending,,,,,,
49,0.7305786035557419,25.437393689425406,0.8455665342748117,16.341811146806393,pending,,,,,,
50,1.2348798742998157,47.52767811315871,0.9125284308376574,14.318936352284837,pending,,,,,,
51,0.24985753966617225,12.344790927698057,0.5498913215951746,12.802945174983858,pending,,,,,,
52,1.7458877091452052,11.183989840841816,0.7969864537506569,9.23965919445829,pending,,,,,,
53,0.5438581619907837,40.176776988511065,0.16621041406020995,14.168431598545409,pending,,,,,,
54,1.9597781657360753,38.7733229928396,0.33664211226993923,10.876029686646351,pending,,,,,,
55,0.8330665645219457,19.434911905194326,1.0427086294915886,7.815929577307279,pending,,,,,,
56,1.5907631964481488,49.50115251222327,1.8771887691348004,5.585092156958935,pending,,,,,,
57,0.9206601237374552,27.15321061708442,0.881112800676085,15.651706670209627,pending,,,,,,
58,1.4445713214330491,29.054125988392016,0.7052871359560395,11.222102103657207,pending,,,,,,
59,0.23420585637743996,43.13276912710855,0.7014253622093158,8.422686612001199,pending,,,,,,
60,1.8822614155910184,18.121425733459432,1.5247233426665237,5.965232638676997,pending,,,,,,
61,1.0811604932467087,21.256415872306075,1.3229097094430977,18.675661880093607,pending,,,,,,
62,1.0931660638270455,26.2021462288012,0.4426595265703479,16.640715912072416,pending,,,,,,
63,1.9493017835641466,11.727348381275268,0.9943264590204708,17.854455073936585,pending,,,,,,
64,1.0332160125352567,31.819993298871626,0.6414720556638865,7.059984418055825,pending,,,,,,
65,0.53845497276235,14.783224352961614,0.4742798530461446,12.059729988922745,pending,,,,,,
66,0.8409484586074876,25.03788081805702,0.6333633649946285,8.317148234151858,pending,,,,,,
67,1.5324446950594528,25.341635659497044,0.44939835511532555,5.4286613094541725,pending,,,,,,
68,0.5784666207946908,41.744781115969616,1.8305091538407745,10.192220181051297,pending,,,,,,
69,0.3877653802326644,49.40793941984929,1.319676863495913,12.364252396032288,pending,,,,,,
70,0.3331384660531151,13.812267232661883,1.5223140330046256,17.52019182921758,pending,,,,,,
71,0.7537442184938213,13.614803654332242,1.8347293890995118,7.492337921604631,pending,,,,,,
72,0.5745008078566787,14.047239998219776,1.4623465631134418,11.593958317840999,pending,,,,,,
73,0.8727929980018656,45.6748051556952,0.5664890486208547,15.363873472152747,pending,,,,,,
74,0.28029263218861583,45.85827641984474,1.6471780768596145,14.428511078929379,pending,,,,,,
75,1.1225581941558525,38.313292057952985,1.3688409723002695,17.908233230837677,pending,,,,,,
76,1.6902841940468127,44.73276986406302,1.6283194026554844,17.619912887121792,pending,,,,,,
77,1.7481433400052715,19.069128699465132,1.9146375167187455,12.680024400850314,pending,,,,,,
78,1.581073766553122,26.421226808029793,1.70826964664789,14.21179720436177,pending,,,,,,
79,1.3597667544879708,42.84018660534285,0.7219291936096284,9.08957296883047,pending,,,,,,
80,1.6798783253111749,21.043875939216818,1.8546477500303782,5.062948054294991,pending,,,,,,
81,0.978634445522348,34.29669485446734,1.7778258750728158,9.193961218455337,pending,,,,,,
82,0.5075741380488856,20.923849126896066,1.9979325658246145,12.366150774566098,pending,,,,,,
83,1.8921625906632578,36.46044914421211,1.1100680557637557,12.985678784607696,pending,,,,,,
84,0.43456800318633526,18.408978632081073,0.29032184951159984,10.995346160363866,pending,,,,,,
85,1.4791370681071274,27.97746921830507,1.1151434915449843,9.06792298884492,pending,,,,,,
86,0.4820516988660004,20.620485767477433,0.9388536717219345,5.492023903406287,pending,,,,,,
87,0.5152070122326289,36.49360593217183,1.9346347814583449,5.947797959827577,pending,,,,,,
88,0.32136152309373717,46.7261594362826,0.5570349173669007,6.867810282330877,pending,,,,,,
89,1.290292545859498,26.68883912012879,1.4041851759139818,15.61487295407199,pending,,,,,,
90,0.34798965880038657,12.816433733175703,1.4839991580488594,9.102939109013915,pending,,,,,,
91,1.277409504300565,27.555351363717328,0.9724061433584582,12.868651783639379,pending,,,,,,
92,1.8453993405365188,22.005621073956824,1.383447736285219,6.08296541538946,pending,,,,,,
93,1.5031657382558752,15.09655796248113,1.8700631471335056,7.801004507643437,pending,,,,,,
94,0.7593457269677238,17.048780940610577,1.8511945569632673,10.317298068121477,pending,,,,,,
95,0.4098065323126814,30.62060547490826,1.6751841364844546,9.656561587525493,pending,,,,,,
96,0.8769272265454148,21.42340019628159,1.6158973646030756,12.51346293074879,pending,,,,,,
97,1.5101737659138175,36.396084068073776,0.3780587575739669,12.003659319599615,pending,,,,,,
98,0.5858504987533648,26.778302556514642,0.45752449928691286,15.397165885717875,pending,,,,,,
99,0.16459679341300942,36.8081380025373,0.5761357964947096,19.89698336131069,pending,,,,,,
100,0.5852230270618689,46.07926736785475,0.8580541486898849,17.323899930779163,pending,,,,,,
101,0.781850736540223,47.67060702589902,0.4549692460608553,18.22447324124495,pending,,,,,,
102,1.1072580639399772,19.390278408621235,1.6316144758271083,6.72363832414144,pending,,,,,,
103,0.694003921767924,41.08845246644181,1.3541311158039149,6.690776149589903,pending,,,,,,
104,1.500506970749041,37.40340122690386,1.5718696256628462,14.26066864173228,pending,,,,,,
105,0.28540025873337016,30.66108386300007,0.8548475744006904,11.948062614675798,pending,,,,,,
106,1.1214596806465411,23.51629672545383,1.4335984872655227,7.340334361570173,pending,,,,,,
107,1.1174787338858225,20.843697174375837,1.663908086062732,12.882038769622424,pending,,,,,,
108,1.6382580468504868,33.94252773111778,0.8349403542638525,14.63526733524757,pending,,,,,,
109,0.5906817659137744,28.617089116130252,1.6602705840190706,6.116601726003972,pending,,,,,,
110,0.890917809502185,34.64746435078486,0.26794884765663685,10.587755176664247,pending,,,,,,
111,0.9864203076631592,31.064319103707994,0.46669368380414755,8.784249617503171,pending,,,,,,
112,1.275675115588269,35.01553299293121,1.9783561828760459,17.087588078166092,pending,,,,,,
113,1.437756971761423,23.27264460996685,1.2216053945741014,11.15027787297384,pending,,,,,,
114,0.396618023822769,41.67458870309446,0.757453794610558,12.62963937198309,pending,,,,,,
115,0.5216098103932457,48.47761692125984,0.6963438991315396,6.928945627106216,pending,,,,,,
116,0.6785782817005339,10.193288683084308,0.40516424846008314,13.141227799685968,pending,,,,,,
117,0.35989338252681236,40.2567490915929,1.7967823565116163,11.347293166489358,pending,,,,,,
118,0.2896542011952825,28.386902591718727,0.13754214164906214,16.68850064158603,pending,,,,,,
119,1.8587632086011285,41.97695939623155,1.2680876139229833,5.3683325043879195,pending,,,,,,
120,0.5602838501432374,41.28034498024987,0.9833419361698802,14.722246821239732,pending,,,,,,
121,0.6200151998339862,47.49514781297001,0.35797737258144025,17.915608229069093,pending,,,,,,
122,1.690977747974639,47.260419448454115,1.7167138625775396,19.837371963219624,pending,,,,,,
123,1.749050902625156,32.511022947637656,0.5457662532235822,19.759943089744652,pending,,,,,,
124,0.9133410057265019,29.776130925740137,0.5727908602788818,9.221584208339898,pending,,,,,,
125,1.404370426129127,20.248882606539237,0.10451189028642573,13.541296773209746,pending,,,,,,
126,0.19595815628788923,14.734740938376914,1.111847788458493,14.582997277761656,pending,,,,,,
127,0.40946082447779575,16.63405760636631,0.4325244052351068,16.185285213281915,pending,,,,,,
128,0.6496464452395494,45.86757480273876,0.3830325084136812,12.336571902801802,pending,,,,,,
129,1.6544997597517483,48.25131788111627,0.21149115574304247,18.45370770023012,pending,,,,,,
130,1.1741731146114625,47.107008868003206,1.6129385731005383,5.715820736005071,pending,,,,,,
131,0.8808472344102533,48.84198434663544,0.988218041065832,19.72123429930442,pending,,,,,,
132,1.0004953482971817,15.65552578974074,0.7408721005185619,16.94444890176854,pending,,,,,,
133,0.7706693223217672,10.305170879316055,1.3414500401306724,15.819162638602805,pending,,,,,,
134,0.965105460201819,44.07675178846857,1.4634435009099223,6.785046071655763,pending,,,,,,
135,0.43757172668390165,36.32429165293853,1.530181903173546,10.894935291183899,pending,,,,,,
136,0.7745309575029118,38.73451044665478,1.7298719469830937,9.158613483139781,pending,,,,,,
137,1.2552013596711444,25.388256261505603,1.1030682042890643,6.097426644052078,pending,,,,,,
138,0.8381032127465761,20.566028573716434,1.6948884179926342,12.862465832091708,pending,,,,,,
139,1.6403479699716224,46.603683801353526,1.070797233532759,16.3812442844927,pending,,,,,,
140,1.78835500882862,46.6375615138866,1.9543998242041039,9.930342127320415,pending,,,,,,
141,1.0619621465171751,16.51318843185966,1.7227144026318795,12.694403720345292,pending,,,,,,
142,1.9750716673849602,11.891046358051383,0.7394124448290136,14.057888265863351,pending,,,,,,
143,0.9018609794206837,47.981323529431876,0.1650698089504692,12.722085061628139,pending,,,,,,
144,1.5532140704343467,45.19010627123626,0.734995834074942,5.3351695850214735,pending,,,,,,
145,1.5691483426768293,21.278801197238543,0.8836730020375385,6.210698523066301,pending,,,,,,
146,0.7260878951936055,21.501069924923314,0.6686031555128286,17.253133308701184,pending,,,,,,
147,0.48064579794642626,22.98160960958901,0.8870007247001689,9.675871154137612,pending,,,,,,
148,1.0317599665963328,34.1621762331431,0.9425577663111125,15.125446169927129,pending,,,,,,
149,1.4285760022097538,44.62533120297066,1.9795552758276511,10.580382115158182,pending,,,,,,
150,1.7940670000755063,26.000926105035795,0.2561482670338916,10.718432942801321,pending,,,,,,
151,0.7727075942876187,15.908474830964728,1.5851221273219323,7.966340670964133,pending,,,,,,
152,1.8953253554200422,25.11237138105107,1.2522980165556161,15.36598349923935,pending,,,,,,
153,0.17007338690862128,33.149500659593535,0.6853776739564713,9.135792165740861,pending,,,,,,
154,0.7274283384927837,44.092877238635005,0.20192446621043164,8.388350820016448,pending,,,,,,
155,1.5306591306588273,15.73060699838328,1.0344167992658524,10.156364562207633,pending,,,,,,
156,1.798764655040954,42.233029731363814,1.5089776348978823,6.7705001836431835,pending,,,,,,
157,1.2864853166841825,43.62034148752362,0.750197237041171,7.754654567096736,pending,,,,,,
158,1.609644257817849,15.38207946488764,0.6124773940043965,17.456408075185898,pending,,,,,,
159,1.2210668110494485,21.65757401464181,0.9559107206505353,13.977787979207058,pending,,,,,,
160,1.17301801296352,29.544436099816977,1.8934777218580645,9.48033341537312,pending,,,,,,
161,1.2131574189064118,48.27718054648343,1.4373693286539226,14.640454163964973,pending,,,,,,
162,1.0762910294152641,25.999335369541544,0.552147272720336,16.286870882513366,pending,,,,,,
163,1.8616652341507607,16.861690386790887,0.1928310252637246,8.177258344036343,pending,,,,,,
164,1.2366420122562178,21.80251465670739,0.5060336114500114,11.099509483944814,pending,,,,,,
165,1.4392172201733322,21.10082183518672,1.7148176696168091,18.913684308520168,pending,,,,,,
166,1.8597867416776308,28.879922945084708,0.9231408058654879,11.229365006328733,pending,,,,,,
167,0.11562131869810605,15.519908649132905,1.4363305742431378,11.44230755980049,pending,,,,,,
168,0.981718025756553,27.219122391086522,1.9730322959425657,18.278979583621222,pending,,,,,,
169,1.714571160379304,10.096438163851404,0.6448395006201024,9.317346527564187,pending,,,,,,
170,0.3109219375690949,19.082362611761827,1.130020213890021,16.24279512470474,pending,,,,,,
171,1.0162731062639618,31.518810804663172,0.6187942236610895,11.234193551713565,pending,,,,,,
172,1.1953372423013013,12.826932361144129,0.5922693870179657,19.521885543450153,pending,,,,,,
173,0.6739256207034281,48.49371752768912,1.8262773487193682,11.916668864102451,pending,,,,,,
174,0.2289964689190932,26.729631138394204,0.14354224578988473,17.78798966851105,pending,,,,,,
175,0.36624651316621626,30.594762917882058,1.9466872691150916,14.841424435409564,pending,,,,,,
176,0.4421186472740314,44.91821423516589,1.5277122732448898,11.78220079782825,pending,,,,,,
177,1.8217480861026796,13.492483029349753,1.7422686517053418,13.106661803327608,pending,,,,,,
178,0.35351099375967465,35.343829218999645,0.3152506765698622,14.533526293690219,pending,,,,,,
179,0.20383369306148763,24.57171594449686,0.6894213531765611,16.371669734522513,pending,,,,,,
180,0.24464402037335034,10.021931348183772,1.7032401318507753,9.57957855274989,pending,,,,,,
181,0.4052712553467016,15.754146359431536,1.4816536591040297,17.27570751286499,pending,,,,,,
182,1.780317194542634,41.49124894360569,0.9500981641809866,7.867875827524213,pending,,,,,,
183,1.170856763888086,27.861836566045724,1.9305179040790603,14.510525561589603,pending,,,,,,
184,1.0386180793639053,32.3118079898607,1.2283836580298193,11.417314392544974,pending,,,,,,
185,1.3231234505822076,25.0610605654617,1.7189283942665747,17.20628006577234,pending,,,,,,
186,1.3765113300310592,29.67629589539197,1.4403211544178485,11.372227374662224,pending,,,,,,
187,0.7675787628463755,19.56629281548322,1.5846931180084802,15.850679445936448,pending,,,,,,
188,0.3405334765495752,35.99892454630809,1.7377673793027995,14.648452080266653,pending,,,,,,
189,0.2811617804436539,10.401713810284257,0.8177001743031951,13.192158362115421,pending,,,,,,
190,0.29817025718230383,26.369178128814358,1.9670420456606272,9.565597873230127,pending,,,,,,
191,1.8429967879508506,30.767531251913024,1.3654738697600755,18.600920226139017,pending,,,,,,
192,0.3997158044596406,26.284302268387954,1.496934997993187,10.032184999943816,pending,,,,,,
193,0.8970886917854082,30.35653336855601,0.3114477250485777,7.1729152047087545,pending,,,,,,
194,0.7095493253903261,12.009504549098239,1.2547199093886519,15.323452842791998,pending,,,,,,
195,0.8619912507232821,13.174804749006274,1.915731092390001,15.938124095138747,pending,,,,,,
196,0.8646093139949621,37.57529433673382,0.8947802774143794,15.102361352701143,pending,,,,,,
197,0.8657473891496917,19.35066870493741,1.2048197148804498,5.470310751953155,pending,,,,,,
198,0.8690188978258928,41.57291132153891,0.7212674184399259,14.103208519209781,pending,,,,,,
199,1.3396100599959158,32.56168144290458,1.9602546597963397,18.95823134483696,pending,,,,,,
200,0.34621186242121194,26.261984166775356,1.0864887594731574,9.35400505904915,pending,,,,,,
201,1.1779764528876497,30.293028516993516,1.9812469574371236,16.469403556356397,pending,,,,,,
202,1.599522642702621,14.441535458769343,1.6273936658111912,9.042119451979818,pending,,,,,,
203,0.4537380099518894,27.237083152388365,1.0362880604685947,15.644559525246233,pending,,,,,,
204,0.5075402750662259,15.048733950577834,1.2668302905219981,18.844663493057553,pending,,,,,,
205,1.4152383500237058,14.57596827948283,1.532451320055248,13.900974281058897,pending,,,,,,
206,1.344883572217025,39.089641142407835,0.4291531283046689,9.950312523185097,pending,,,,,,
207,1.6459198578014482,29.374673103077853,1.5814427993217568,12.045750230836033,pending,,,,,,
208,1.104113297650026,26.5545734324866,1.8170063037977704,19.529468182944818,pending,,,,,,
209,1.9552976424752857,29.624790514287206,1.067638653808201,8.532164136316755,pending,,,,,,
210,0.34202035120956453,40.848565105547515,1.0213731265988097,18.031173098893092,pending,,,,,,
211,1.0896715878675718,49.780638887202656,0.25969115411575383,10.67839368079917,pending,,,,,,
212,0.9622333380643071,34.92372848298702,0.9206836943013013,11.988375319446536,pending,,,,,,
213,0.9900918578829487,29.51700956128408,1.6577623749614354,14.230274178577163,pending,,,,,,
214,1.8867515898291396,18.561456598717285,1.756403222295192,19.152332824291953,pending,,,,,,
215,0.15005947646775483,17.91082722541454,0.173668934381058,6.781465582319557,pending,,,,,,
216,0.8188341362994838,11.018939864458149,1.956253039510047,5.038356251103315,pending,,,,,,
217,0.47274906175831877,23.316945557261292,0.5951623949741388,9.436128026473515,pending,,,,,,
218,1.208961012623972,11.31132053743649,1.473527949616709,10.521245860634494,pending,,,,,,
219,0.12269691248361898,43.17246722310414,1.439186501936386,19.79668569599606,pending,,,,,,
220,1.0469103063199203,37.73642422749422,1.1629906258885097,19.260372283525054,pending,,,,,,
221,1.8571954952449763,28.26805688194497,0.118361292063839,18.479293984529505,pending,,,,,,
222,1.3780405155900284,37.80390289505269,0.6753241218414393,5.8925081055819675,pending,,,,,,
223,1.764450329667514,28.967801173444126,0.4772859691039598,17.225158605909836,pending,,,,,,
224,1.3470742596143015,20.447157563628735,0.21601610105567387,9.715065276812561,pending,,,,,,
225,0.9497023629244387,10.211585124076217,0.11463593273126474,14.384408763597959,pending,,,,,,
226,1.741588537543693,12.88164902287961,1.6689876922569764,11.446688553314583,pending,,,,,,
227,1.0860628340022467,12.465583459202836,0.3331249342957948,14.899602411850307,pending,,,,,,
228,1.0249141947976494,19.042906934771345,0.8282102764935262,6.194432134416936,pending,,,,,,
229,1.4081965001755639,43.64504181763051,1.6223127317298403,6.163030747688465,pending,,,,,,
230,1.0079899965175834,12.023068277642254,0.24385661567949182,18.18877796334677,pending,,,,,,
231,1.7195584316268862,26.138064676815308,1.0227586453927502,17.037546273986216,pending,,,,,,
232,1.8177834474752987,14.341679164105118,0.10299511717613821,12.02818855906568,pending,,,,,,
233,0.9756462804118893,20.722022898636233,1.261528662317018,17.369479355868165,pending,,,,,,
234,1.692948445389669,22.057068443843207,0.7027574416390383,6.255207279161273,pending,,,,,,
235,0.4232259477636303,18.021792218730535,1.2629304439718232,19.74891837988298,pending,,,,,,
236,1.005018448178875,14.30029037548238,0.480372089470678,9.151140119535988,pending,,,,,,
237,1.1412471579856758,31.883283662166484,1.0123031215288383,18.56687394268114,pending,,,,,,
238,0.14044521300132332,18.71770824937076,0.7050068674975853,11.177475062771581,pending,,,,,,
239,1.4129031431171788,25.153662331776562,1.3517865602794576,7.576886525226915,pending,,,,,,
240,0.8604456058557596,11.127970702694576,1.1651538047782755,5.093521564061941,pending,,,,,,
241,1.076763828853975,13.970571443942898,1.6959667572506867,16.503070608494973,pending,,,,,,
242,0.28798350142136137,26.63526852755797,1.9630900686262167,6.89410743093249,pending,,,,,,
243,0.7409754384458154,18.211230472248076,1.099745123224979,16.229694950387735,pending,,,,,,
244,1.1824577898704371,47.44252976531453,1.1907449883813477,19.67183673286079,pending,,,,,,
245,0.3521241886070584,13.017816857642579,1.7202243272960154,7.728981297570694,pending,,,,,,
246,0.3628680756341369,16.413504700137647,1.5170614594257343,15.476453094818726,pending,,,,,,
247,1.6596585509021422,24.895249077833583,0.7843467799843052,13.857212269779698,pending,,,,,,
248,1.6753801255589598,11.684544830628976,1.9272055090290936,7.8889185360177505,pending,,,,,,
249,1.6768527187540088,46.11500618837383,0.5236284716658652,18.139240620537755,pending,,,,,,
250,1.2070679837788862,39.929328312620484,0.9720244504613081,13.543613825158841,pending,,,,,,
251,0.3231331610360852,35.95488034878511,1.3336862761318333,12.561340656537519,pending,,,,,,
252,1.2468863354740714,39.563023751266996,1.1856161986371527,14.399002525456376,pending,,,,,,
253,0.545822514415158,46.30048820882278,1.3580617290187997,11.022148768234096,pending,,,,,,
254,1.995422460571995,45.999236823967934,1.349553456138551,13.175173422752533,pending,,,,,,
255,1.7839214023141758,43.24575071113878,1.8838958386731581,12.936666196077798,pending,,,,,,
256,1.4245525576524327,27.76035561718015,1.4133975169264585,10.872132179209736,pending,,,,,,
257,0.9581824961086012,18.160201216464394,0.38778654188827144,13.388010971640318,pending,,,,,,
258,0.15634449614130358,49.10092032669488,0.9860999014115942,5.7932422153446685,pending,,,,,,
259,1.6490278639119942,42.435510591282316,1.117656157091438,8.30830600244338,pending,,,,,,
260,1.5335179605526807,12.369645907197842,0.8257426286809979,17.22114193346311,pending,,,,,,
261,0.8586105016629781,33.22681342115814,1.245101005636909,15.33648227933751,pending,,,,,,
262,1.8414327902957117,10.722765039792952,0.8775251116719766,12.274071384185213,pending,,,,,,
263,0.3741103610393306,12.499415137944988,1.9643125693625492,5.769035339708002,pending,,,,,,
264,1.9445988161847074,12.543939255841181,0.6986081435090857,13.99552385157692,pending,,,,,,
265,0.8030086107014099,39.76956562634844,1.8344217239530662,7.243226033776961,pending,,,,,,
266,1.595835846979146,38.07508490865118,1.42385705233739,18.418013053692526,pending,,,,,,
267,0.27019700268001,47.14712565357694,0.2940631680930304,7.45749835102698,pending,,,,,,
268,1.309515484494227,25.71625088859809,0.9321719028668739,10.374806124684646,pending,,,,,,
269,1.3304743041099494,31.16267306101731,1.0734281793335363,11.421063988348758,pending,,,,,,
270,0.24730152105377173,11.983787059257923,0.6839730691506911,7.3825535523375585,pending,,,,,,
271,0.8757771128332611,27.539865142127187,0.13352838243925375,19.886467417867284,pending,,,,,,
272,1.1805058462412539,31.093614595479377,1.3775405203709583,19.890683073314406,pending,,,,,,
273,0.9527395843605062,37.75889198617969,1.398338861918658,17.80890839064765,pending,,,,,,
274,1.1625057039637028,22.47502409454878,1.6657567032966425,8.842069354408768,pending,,,,,,
275,0.6563390651247485,17.747347604368848,1.5021804023342893,5.450260168577092,pending,,,,,,
276,0.4222220900124769,31.953484286895986,1.9332051577769014,16.266762032444475,pending,,,,,,
277,1.2550593381619646,12.333716947893272,0.6560255392836137,10.764363955021835,pending,,,,,,
278,0.6868207536533366,25.212470022921387,1.3726224758876389,16.223932166347872,pending,,,,,,
279,1.918010539569793,45.657261505980955,0.859292415320373,8.03208682184088,pending,,,,,,
280,1.2446558997061898,49.598821961296345,0.5781560333154405,15.313319793910875,pending,,,,,,
281,1.3479624271906354,45.964291514947014,0.5943140545184129,8.607069035068783,pending,,,,,,
282,0.5560200041416703,15.616896370723236,0.7990638077727938,10.800175090768601,pending,,,,,,
283,1.8704003521266648,39.549652452064926,0.5224003405804604,9.51165712139706,pending,,,,,,
284,1.1535225026525817,20.48571132386799,0.5932238206943431,5.563826827830127,pending,,,,,,
285,0.10368449321981692,35.76830689211347,1.38935812094214,16.978274649787984,pending,,,,,,
286,0.20110271451015505,27.030970844133837,1.67898444794427,13.580389400431878,pending,,,,,,
287,1.2033395710644483,13.507283006858698,1.451904317026335,12.123363179113058,pending,,,,,,
288,1.9004733536479457,45.40407464566535,1.0569902947162553,6.313229993054234,pending,,,,,,
289,0.9934177916078404,41.825391366443505,0.5417640765060981,7.986937036185329,pending,,,,,,
290,0.12535574755801526,37.60369595604471,1.2603538970218264,19.23729851350771,pending,,,,,,
291,0.5968538780875353,14.485048521525954,0.4956024347265108,16.33288980521602,pending,,,,,,
292,0.16283155028583457,43.77450960804217,0.35563197490167997,15.503625575126238,pending,,,,,,
293,1.802093472079376,27.006423177494835,0.5987301616157075,7.210337953746796,pending,,,,,,
294,0.42820871868285804,22.77887445766767,1.2362707387352876,18.78773736817681,pending,,,,,,
295,1.84444075734277,12.950100748940745,1.858737520195406,19.87556737396003,pending,,,,,,
296,0.16114709614663297,10.357691617018695,1.3246271449653138,7.283688618435969,pending,,,,,,
297,0.30819032496781196,45.74830200345299,0.7315585698026137,9.030655809047342,pending,,,,,,
298,1.9732040000663125,45.69961764713848,0.2827204354574214,6.66574082466987,pending,,,,,,
299,0.6555534654796956,13.029241985617789,1.553242953653264,17.5264120687948,pending,,,,,,
300,1.25044408768333,33.790800553587204,1.8475625064154246,13.696338716085902,pending,,,,,,
301,1.0581943493304742,46.19004244425803,0.935627764213447,14.694528735296103,pending,,,,,,
302,1.5422097680491391,48.96832239256012,1.265426684057911,7.5716801410842685,pending,,,,,,
303,1.388423255701953,41.772986652314756,1.523613035776513,19.930797054424207,pending,,,,,,
304,1.095423095101644,13.443055245129443,1.7109210781775592,17.14530641508042,pending,,,,,,
305,1.3028916899593126,34.13384490771167,0.37341897270953195,12.496170639471373,pending,,,,,,
306,1.4702776678773137,23.84798264526602,0.7849705097086273,7.506598272182678,pending,,,,,,
307,1.366832231307747,15.92296442056269,1.0170374622662368,18.09081970765404,pending,,,,,,
308,1.4862800579076754,29.064835114079298,1.3957541263312843,11.014519670278025,pending,,,,,,
309,1.751817695899907,26.945929159904395,1.9878814905327893,11.966799916555665,pending,,,,,,
310,1.9367498432297532,21.564100581748278,0.1470356228766407,6.952636836488544,pending,,,,,,
311,1.521363032932012,36.55054656578103,1.7895325330683813,19.988079666511958,pending,,,,,,
312,1.2975773700460775,30.187026036317633,0.8276153818863783,16.781596286291318,pending,,,,,,
313,1.8998180053023799,21.762049074681336,0.9645013499885535,6.377870905730696,pending,,,,,,
314,1.0599177011473848,29.007926577661816,1.556531617203665,5.2278121706662,pending,,,,,,
315,0.8738029669751615,25.405152388354182,0.2454812678324998,14.948357895429025,pending,,,,,,
316,0.6195844654243212,33.107062314393005,0.46410125114056566,5.693769720804508,pending,,,,,,
317,1.9240625988629283,38.973423889294246,0.5874688360211171,7.009639201992272,pending,,,,,,
318,1.8138302150799046,24.161270349892128,1.7541216960587123,18.974430044882364,pending,,,,,,
319,0.5316218959593588,17.282318194823503,1.310395842572733,10.390622252901359,pending,,,,,,
320,1.764212868595309,22.571049760085327,0.12832850291551984,10.84824216976315,pending,,,,,,
321,0.6253858331097454,32.896514343523876,1.0299568408811912,15.043759279680899,pending,,,,,,
322,1.6720441015400618,44.596821074310384,0.7908739783633083,19.58208731405295,pending,,,,,,
323,0.678248396589601,38.9481250205026,0.8566992950664944,17.33759869131076,pending,,,,,,
324,0.3805595130739752,18.652364125372905,1.5743027130835294,10.071548592086742,pending,,,,,,
325,0.26037957721147487,23.794738659144038,0.2490656064184933,18.69821644402544,pending,,,,,,
326,1.5756690512458182,35.518280988393514,0.41595803457286096,19.799881584099616,pending,,,,,,
327,1.1463988447279505,47.77102159310136,1.9858656955058913,10.058357212283493,pending,,,,,,
328,1.1678379619684527,22.380224102012136,0.989165220901666,6.99683620264452,pending,,,,,,
329,0.7386968365891292,11.448164978562938,0.1715549838734889,18.042130891445712,pending,,,,,,
330,0.5432392974474864,44.75824824598135,1.85346151282782,16.097445437914697,pending,,,,,,
331,0.6518688998851889,18.464896567064645,1.0323329470916494,16.81544758016156,pending,,,,,,
332,0.1903657564886871,35.62819778682577,0.6531811606188985,5.342977236207465,pending,,,,,,
333,1.9503476312047514,19.76956393939453,0.4562863977340823,5.058490941146164,pending,,,,,,
334,1.8063888140890008,19.212124606850175,0.8759125659490028,19.65316236432409,pending,,,,,,
335,0.9338374666346816,11.33515558028062,1.1109008450868516,16.392462833505558,pending,,,,,,
336,0.6426448011038274,34.48853035403643,1.7776811884174841,9.269313871266103,pending,,,,,,
337,0.3039273692709754,15.899249770440939,0.18750883022326295,5.074182422723079,pending,,,,,,
338,1.538084315779508,41.51224864335179,1.2300871707548247,14.985796712652961,pending,,,,,,
339,0.2261160956041858,47.28301849167845,1.335718494545519,9.971134185970286,pending,,,,,,
340,0.9714890615150252,19.68773570370945,0.4321080751630918,12.526397799731303,pending,,,,,,
341,1.472896437698936,29.328393875878707,1.3670750499447162,5.721362877174302,pending,,,,,,
342,1.1132845646653808,21.558003468281704,1.0238895057536805,13.202482783461612,pending,,,,,,
343,0.8710371814559952,11.926749539269252,1.2931169272808405,6.60544653441763,pending,,,,,,
344,0.5194797826390902,21.41845236590266,1.3622318483469658,6.200191860218605,pending,,,,,,
345,1.153693747558617,48.37261420702929,1.0926596866446876,5.327116728986446,pending,,,,,,
346,1.245496493137907,29.099444543178958,0.43369154671934274,15.934653215546653,pending,,,,,,
347,1.6826395173236435,22.807414042576504,1.0716045455388996,17.57870969012815,pending,,,,,,
348,0.7634156263964051,19.036682428929872,1.1309972009402924,19.113608165370735,pending,,,,,,
349,1.0138662064957984,24.257262258661058,1.1949729134782192,5.845697049408406,pending,,,,,,
350,0.15296151898867735,47.605346008835674,1.3798641575621928,18.859380931252506,pending,,,,,,
351,0.9415058615111266,49.53127103260814,1.9408354093681557,10.53963075655728,pending,,,,,,
352,0.2882234224113811,44.54389714592962,0.6371795848595794,12.141592505040233,pending,,,,,,
353,1.448604089465409,22.5165047623219,1.0180695909840667,11.57831532658727,pending,,,,,,
354,1.763412954723894,37.89027853396739,0.858747528089822,18.01906911756522,pending,,,,,,
355,1.2991278021748254,41.131845164092084,0.8184443974361861,8.43326915464372,pending,,,,,,
356,1.0662868205531981,39.688938147253296,0.2914316774760398,13.709356678652874,pending,,,,,,
357,1.765440112318616,39.631031304268625,1.8468847312208276,15.274814633914849,pending,,,,,,
358,0.6311029523896545,25.1718532070324,0.5820556883553302,16.534110904954602,pending,,,,,,
359,1.6810369181906013,42.98018690805391,0.12049999215212476,16.01591237153072,pending,,,,,,
360,0.9212395235801307,39.40614038631309,1.2882372251799026,5.53910280839964,pending,,,,,,
361,1.200800436693159,31.260330795476655,1.0531703471662457,19.249316595427143,pending,,,,,,
362,0.5705525123227295,48.07380436165712,1.8372571807536933,17.421271974317648,pending,,,,,,
363,1.4585886438495166,27.941156363709126,0.12154285658799102,11.450407769925874,pending,,,,,,
364,1.5495270923172841,32.5568233754243,0.8604146363594934,9.010870754148762,pending,,,,,,
365,0.3843732252923895,15.416855325538258,0.4584831415521846,8.765238164282335,pending,,,,,,
366,0.505932523071399,17.465585644979075,1.4454183895150625,16.125512236671433,pending,,,,,,
367,0.14093205695146208,43.403341133131185,0.37894860332097824,16.027495914953647,pending,,,,,,
368,0.43647797142417055,21.915681510913487,1.1881855860003356,12.300506529242455,pending,,,,,,
369,0.10921861369067765,25.92587869771016,1.2509663991965336,12.099902523473425,pending,,,,,,
370,1.8694685419500934,11.473686905102838,1.1458401544151453,16.84076125235905,pending,,,,,,
371,1.051787884756425,10.815229760158413,1.6511080834782887,15.34311946577822,pending,,,,,,
372,0.8263555458115972,26.502691002276254,0.6954622339408603,6.123861333840868,pending,,,,,,
373,1.439818321517693,25.64944155256832,1.179743729369246,10.482453865340283,pending,,,,,,
374,1.5723852913956946,28.03645039326422,0.5346233269325752,9.718464733092233,pending,,,,,,
375,0.10704077661037513,39.23056362709585,0.7464945842129039,12.50525956360594,pending,,,,,,
376,0.7765286919103833,49.34282270986212,0.5441798159515074,14.186273329749474,pending,,,,,,
377,0.653974061423159,14.465014751629468,1.007342109582754,15.158899623546816,pending,,,,,,
378,0.9151716423715468,42.16353971446365,1.3910806514167418,19.55086742188312,pending,,,,,,
379,0.2024864211806403,42.31987418069563,0.7179875045973875,13.892118696483587,pending,,,,,,
380,0.448141108143707,27.839649360014807,0.24044656963613042,16.519476634528534,pending,,,,,,
381,1.476935464596833,29.61535479872712,1.9140070336705937,9.607267062771523,pending,,,,,,
382,1.0786527161974055,13.2348214138842,0.46094465279011,16.75933491535522,pending,,,,,,
383,1.4937824573154908,21.07048399803926,1.2567666620393498,10.198487706348356,pending,,,,,,
384,1.2303804169655272,42.37589384809437,1.2951403230969203,10.09014172314141,pending,,,,,,
385,0.26548131066213476,10.266981606678486,0.36150835588014485,9.303575930333661,pending,,,,,,
386,0.2553871286411099,19.271405234981984,0.4132884618787579,13.325880711113134,pending,,,,,,
387,1.3867118010553843,17.71849420932535,0.5788098930713539,5.60381223042452,pending,,,,,,
388,0.8484970239865853,35.473106577088,0.9473322419866438,16.783106554613404,pending,,,,,,
389,0.3184232011584823,15.665503183632774,0.44039112185619256,6.796103963595686,pending,,,,,,
390,0.3989894723256374,37.04439804625416,1.6382071018054043,7.498628361498775,pending,,,,,,
391,0.45182804488020456,43.60353759690253,1.421782827132491,6.603865722983993,pending,,,,,,
392,1.898217181924275,33.24605359156468,1.4645516399741791,6.248123374315461,pending,,,,,,
393,0.575480341423746,40.69602958214038,1.9735905083698737,9.001480373051026,pending,,,,,,
394,0.3475740872983797,44.957762242310196,1.8568920626157073,9.81397685844603,pending,,,,,,
395,0.6226908387520375,43.3793844036045,1.5538716693268897,17.268813888060855,pending,,,,,,
396,1.215398675001298,44.48396317151942,0.9238539483591852,9.250108318400322,pending,,,,,,
397,1.3157228370958856,27.374262927210815,1.5143778581305176,18.41319884286974,pending,,,,,,
398,1.3718149054426723,38.32155960326166,1.7239660592890156,17.06946383577402,pending,,,,,,
399,0.6825144563936173,31.00263960886451,0.9442932861353884,8.833225923084322,pending,,,,,,
400,0.3784209055184582,44.14949426993547,0.2004756665900862,11.000257908915898,pending,,,,,,
401,1.793155738446965,41.32033869570717,0.5080226923137443,5.108237107766828,pending,,,,,,
402,1.589705368570589,33.36532650734462,1.7458593245108378,14.955744656440471,pending,,,,,,
403,0.2078384728878166,38.99975666927457,1.9699569028733317,15.750012107188413,pending,,,,,,
404,1.183154076924263,15.316929541995975,0.6185486744027833,16.723656114663598,pending,,,,,,
405,1.7166641348777283,26.156367686578545,1.1639162694160028,6.994289385768804,pending,,,,,,
406,0.5894352630127734,44.284794021921684,1.2768965259957379,14.037993009127764,pending,,,,,,
407,1.782997797545274,23.14559604572375,1.4949681843980793,14.361764667832604,pending,,,,,,
408,0.48927622137011506,39.60611385170073,1.570751237750755,17.02680162871436,pending,,,,,,
409,1.875647965061222,30.265423859811364,1.0841884696004942,9.883764503727953,pending,,,,,,
410,1.3915227157258965,27.260005509925694,1.7090973486677095,8.438387949558683,pending,,,,,,
411,0.31300766878447284,49.72946015057061,1.531549857823461,10.395970093352215,pending,,,,,,
412,1.6699925090095302,24.237552695946093,0.39580576061725026,14.74497992664815,pending,,,,,,
413,0.2068580149922282,47.71608200723196,0.8958992116752569,16.204827856455378,pending,,,,,,
414,1.7074995167491673,28.67502631960673,1.680145373864495,15.52699297693448,pending,,,,,,
415,1.1878397896150517,46.39325829364188,0.5913320005149083,7.7101869610613605,pending,,,,,,
416,0.45037815282173776,43.23844367404103,0.3289256143070039,15.863013252714087,pending,,,,,,
417,0.9080320920090896,25.186213138213873,0.8004582208761724,6.5145404267872955,pending,,,,,,
418,1.3179485644044466,42.537543849356524,0.7305911527535235,10.961831920225645,pending,,,,,,
419,0.8502401869963592,11.517774297637466,1.4486067667264084,9.831624692913945,pending,,,,,,
420,0.9551402934098334,48.73616129052277,0.8418113450574305,15.033957704693837,pending,,,,,,
421,1.4490510007795054,23.225711270524762,0.6204735543472364,9.7589972707983,pending,,,,,,
422,1.7962117923002046,17.73711613381079,0.9030188178437981,16.12083002727504,pending,,,,,,
423,0.5000312400768661,27.35987817572283,0.7386825674744959,16.638145277585213,pending,,,,,,
424,0.12034761933857312,39.33446480033649,1.7478107663630527,11.250202820623919,pending,,,,,,
425,1.7312911831400268,16.83063074968501,1.4435500174401061,8.621242845313027,pending,,,,,,
426,0.7871926895408137,27.10759585312984,0.6803455981234829,8.934496051504969,pending,,,,,,
427,1.6557527320641365,33.18974752495514,0.6916181610821027,7.781796702217479,pending,,,,,,
428,1.1345477080689288,45.70418311703151,1.8144763458452695,17.695409846846466,pending,,,,,,
429,0.6607730034118402,15.373247550122649,0.369193289650654,9.462048169503165,pending,,,,,,
430,1.4819681174689026,44.19119177833525,1.917131164498537,19.0969263262346,pending,,,,,,
431,1.1008720160285932,24.399953076232972,0.2671978169882748,9.330060394256416,pending,,,,,,
432,1.667201101745865,39.18415792101807,1.505182320358729,12.05171133899711,pending,,,,,,
433,0.680313427847065,19.532319511156857,0.6021168960287768,10.982824018612545,pending,,,,,,
434,0.6289550885380847,38.84851668630374,1.910441043079994,8.456457938306364,pending,,,,,,
435,0.466607882495506,37.47663646335566,1.2240301151456074,19.454257844500777,pending,,,,,,
436,1.4843944465593026,24.479632315627953,0.32062424583731064,18.734715584491518,pending,,,,,,
437,0.9847385816838955,16.456762137975822,1.6325634683382586,5.1537344716107265,pending,,,,,,
438,0.9541048832278047,48.178499021340784,1.4210633512695645,17.183614023831247,pending,,,,,,
439,1.397932423863808,15.252148701916132,0.7657331974831174,15.406987345284804,pending,,,,,,
440,0.18582316085711453,16.743759933455618,1.3002039169054398,10.11132299117563,pending,,,,,,
441,0.49449023123857083,11.492872010278548,0.9598843211299672,5.870003226673605,pending,,,,,,
442,0.5879479011122684,13.790287972730665,1.0896355905848822,15.31233509025544,pending,,,,,,
443,1.6742328089447729,28.719949014572144,1.852499332582567,7.51960748302309,pending,,,,,,
444,0.21285904151693386,32.139592683225494,1.3976500793260114,14.562989339976758,pending,,,,,,
445,0.48647988305402123,45.07572231448996,1.4575642843046723,6.914134881633581,pending,,,,,,
446,1.6778237593007272,14.226260484566193,0.8217961551809029,11.308337531884995,pending,,,,,,
447,1.3197030979142257,40.74634229700041,0.30966915933694505,18.76085717136307,pending,,,,,,
448,0.24588567955037616,38.787227559716904,1.3143643201781585,18.290829491551307,pending,,,,,,
449,0.42110532814196855,40.671598650768686,0.9175121889408847,11.40203330881547,pending,,,,,,
450,0.610199831919213,25.837182403595342,0.8931413938818664,9.307485769184403,pending,,,,,,
451,0.49642053514355944,39.29456152745191,0.5773196658617632,8.904571039559357,pending,,,,,,
452,0.6111440026868519,42.89744396678633,0.5431374776423044,6.04090435983684,pending,,,,,,
453,1.562993277403298,44.84431125446675,0.6456278380642915,19.40848684738218,pending,,,,,,
454,1.1283228743614058,35.07096458990932,0.31439384558111755,12.741224657043821,pending,,,,,,
455,1.2244537525247998,26.249203275052597,1.9918689489962549,14.838261408064543,pending,,,,,,
456,0.2546499357684865,44.030934512301926,1.281091782021565,11.05156389918813,pending,,,,,,
457,0.6387511542344348,13.297883981330873,1.1037525019215884,18.52610812930281,pending,,,,,,
458,0.3369494950114523,16.617945047219184,0.8532617742015922,10.499102304294745,pending,,,,,,
459,0.19829620553713984,44.802053129605625,1.5655236434755713,12.838664727876246,pending,,,,,,
460,0.7709148496548052,18.753278880370548,0.18613980623652962,15.108189024766606,pending,,,,,,
461,1.4711823547626726,24.48694575525528,0.783344702730983,13.05137418121612,pending,,,,,,
462,1.7789742840218854,22.314049129366552,1.0187247278073952,6.73636770225375,pending,,,,,,
463,1.9514479396320448,30.963164608043297,0.6320063290328048,16.102315719490147,pending,,,,,,
464,1.3126044247721158,41.050498856445245,0.8126980884356263,6.4541060701535455,pending,,,,,,
465,0.5295806591837549,32.245458413383204,1.9211078725556099,19.998136839628142,pending,,,,,,
466,0.5021244755641958,45.8851789698268,1.2942608727813874,14.717374316172139,pending,,,,,,
467,0.49160433049935115,49.25982328887117,1.956828757618619,13.779120079184535,pending,,,,,,
468,0.14206025178381404,42.87916828479267,1.9597745764430579,13.058119843307502,pending,,,,,,
469,1.257310028445893,16.525581151601397,1.8234980657852882,18.715250682599095,pending,,,,,,
470,0.59359915578454,24.945343233075228,1.7121200584327778,17.139637083667438,pending,,,,,,
471,0.671532428451902,26.717451845078564,1.0859506391575076,10.75575098357415,pending,,,,,,
472,1.888207868737622,33.13471286716589,0.7150752731636972,17.410806469402416,pending,,,,,,
473,0.3836595818768962,35.71757783652216,1.8191064888624862,18.87249246362424,pending,,,,,,
474,0.32729474754687815,25.774228333451465,0.6818574589160677,9.502758897261755,pending,,,,,,
475,0.2431117672322107,10.431345741453356,1.537753948443536,10.72741277232397,pending,,,,,,
476,1.3131616457070177,11.742357811347606,1.9664548079083475,6.656942468099909,pending,,,,,,
477,0.5616410758204836,21.69508570250703,0.5242035684802309,13.555857545103652,pending,,,,,,
478,1.9574369192294154,12.167976727666192,0.8781027482193832,6.047525483357166,pending,,,,,,
479,0.8050675534493184,23.71608743524737,0.9548195442191338,9.848559295624506,pending,,,,,,
480,0.13899920594693885,34.20699936896002,0.9789817179699672,7.842488372948557,pending,,,,,,
481,0.2611073563278735,35.56750658846734,0.7095066028840107,18.39633177451772,pending,,,,,,
482,1.962692491786013,43.15769472458504,0.3000367017223355,14.776154340290926,pending,,,,,,
483,0.8488132136069579,28.734996677966112,1.0134802422309193,13.650822526087486,pending,,,,,,
484,0.39773040063505016,44.3104496898317,1.6378897033500897,19.27774783616687,pending,,,,,,
485,1.9484829037778553,18.15383565892706,0.6008044387830284,16.62632532016379,pending,,,,,,
486,1.2460498333484602,49.89220651898685,1.1397626392959654,16.4962218443396,pending,,,,,,
487,0.43355485837477403,26.59511500512654,0.5182748228480543,13.835069044342381,pending,,,,,,
488,1.6998894723491167,46.94555924570704,0.6140176360699872,8.168467042559586,pending,,,,,,
489,1.441709925437234,27.297293088031516,0.10984262023090298,12.25165568503439,pending,,,,,,
490,0.3796810801733206,20.53195165047619,1.339404006371476,7.612524505011079,pending,,,,,,
491,0.6360152951082793,12.06347251013846,1.534129369980331,16.313203735252955,pending,,,,,,
492,1.9758017738538325,13.743327389106474,1.430253511662864,16.349247836662826,pending,,,,,,
493,0.7413275261341354,15.3325925062921,1.2698456527972757,15.963507715589381,pending,,,,,,
494,0.2785751300168613,34.37021168239178,0.7600945167872366,5.087552059227126,pending,,,,,,
495,1.9071756116652743,40.34390869797198,0.4061159863882976,19.56030096696615,pending,,,,,,
496,1.5453214313158483,12.720662268002204,0.81657257501812,10.24085004851673,pending,,,,,,
497,0.17661460002485518,23.728507008986817,1.9843067838035655,12.559287831314755,pending,,,,,,
498,1.1969597784110426,46.90577619863459,0.16408482809647412,16.191463603883115,pending,,,,,,
499,0.6934729076612567,23.660190228695196,0.5867361953606307,10.466962598963184,pending,,,,,,
500,1.5234296154626452,26.469020600733522,1.6339656383424142,8.117352691041038,pending,,,,,,
501,1.40640412712436,33.84419510690205,1.7730056374783767,18.391622807225453,pending,,,,,,
502,0.23173521211234416,18.37372413386889,0.6154482640515725,6.431249666502156,pending,,,,,,
503,0.46692501692345034,11.815550825047909,1.0150745798666434,12.386577884319049,pending,,,,,,
504,0.19380393809392366,22.822412417152034,0.9429499576130064,15.665209978983516,pending,,,,,,
505,1.3361546190479898,27.58229874295604,1.8740097120962649,17.63076932348595,pending,,,,,,
506,1.5575861543728913,26.601089719691274,1.460336861119692,13.352795963570882,pending,,,,,,
507,1.3550435647102625,45.055820141947095,0.17600100325421858,8.12387452533897,pending,,,,,,
508,1.5777971416032859,10.883747882602691,1.3200151072302413,19.5352097372144,pending,,,,,,
509,0.7509892766557225,44.570490466599004,0.5067565393783355,16.763050212624318,pending,,,,,,
510,1.9083839734565364,18.098505616924243,1.1759884905991485,14.095246490627702,pending,,,,,,
511,1.2827432830236012,17.34373241843599,1.2936713560759847,12.76648485687251,pending,,,,,,
512,1.204539986605094,16.143260021171628,1.607209905792682,11.905457620977078,pending,,,,,,
513,1.5973348597276484,29.56471492411936,0.4483118448202269,18.741763494344312,pending,,,,,,
514,0.42558043304887694,23.28863323648268,1.9230837837255346,14.496488195909931,pending,,,,,,
515,0.6400412465042079,23.253768009585443,0.1018078896323304,16.483116104925102,pending,,,,,,
516,1.9110371791207716,48.88144830449204,1.3939589170011806,13.640576655416188,pending,,,,,,
517,1.1766272451636464,35.538593192891454,0.6091571683528408,12.293721687149645,pending,,,,,,
518,0.5101142354100505,28.525245650752204,1.7756065436704018,14.22176500928182,pending,,,,,,
519,0.6478388762550323,20.58787998421293,1.6585839768232855,13.746035925826293,pending,,,,,,
520,0.1594426655047471,31.661519643225162,1.672931591456714,17.016140105964976,pending,,,,,,
521,0.6568396933025857,19.196605855454273,0.8905753270585459,11.112268550967666,pending,,,,,,
522,0.3867114025138715,37.966789307330785,1.1873735955215357,12.230241577388448,pending,,,,,,
523,1.960670491081395,39.14750408701517,1.5977762079459361,10.578711009308357,pending,,,,,,
524,1.1794346428112066,18.695819529324844,1.304109893079424,6.548109309525208,pending,,,,,,
525,0.8083006991650005,15.534328924530241,1.053849076007238,5.05146225297051,pending,,,,,,
526,0.914192960348591,22.73737409060608,1.4662754266577707,8.464885919957966,pending,,,,,,
527,1.8359133317697423,45.793017355222496,0.7815115976680154,18.99960320593034,pending,,,,,,
528,1.3508514287233464,46.64463745647361,0.7778772836982162,10.859750023035634,pending,,,,,,
529,1.357363311112325,38.87271638137991,1.476276503071939,9.805316176965889,pending,,,,,,
530,0.6440706938149316,40.05788941608248,0.2881653154578405,18.024381881914728,pending,,,,,,
531,1.6326707901039512,17.09666511245103,1.5796390199704253,6.070457656726706,pending,,,,,,
532,1.2734220125207338,48.117414939544126,0.9992171689088168,7.2366741507539825,pending,,,,,,
533,0.6822529282965992,30.07780350549682,0.5114630165717644,16.412749545238793,pending,,,,,,
534,1.9611075230045005,22.297747119623594,1.7936554190347587,12.753191618683491,pending,,,,,,
535,1.0146413710075965,16.38759946118495,1.6192480337697692,10.943508053203505,pending,,,,,,
536,1.6535374855752714,41.59051933146456,0.3948229938466039,6.62684391981144,pending,,,,,,
537,0.7505354377893074,16.73285365118638,1.5254030611070972,13.428497758654487,pending,,,,,,
538,0.14938107135941514,30.55841749001555,1.6407008326546786,16.773650478258837,pending,,,,,,
539,1.3789667908750396,33.739843488060416,0.1194629717164378,11.86063093381977,pending,,,,,,
540,1.526752170958671,25.265918265603233,1.4885659515141516,15.394127753856809,pending,,,,,,
541,1.0191555000788253,35.249886242426285,1.8289083669879374,8.222941805958648,pending,,,,,,
542,0.7911488972454089,22.700916284912935,1.359529373061079,6.833179832246833,pending,,,,,,
543,1.16511035481363,23.631533473118154,0.3687550726747205,8.213787622394792,pending,,,,,,
544,1.20207015955615,18.781980703704704,1.9318902953728494,7.680928461777299,pending,,,,,,
545,1.775573932705281,20.815382955825847,1.337243855917879,18.066133822656234,pending,,,,,,
546,1.9680314673680124,20.792491626179384,1.182301343637502,17.287140030770956,pending,,,,,,
547,1.2981816040994827,34.60941209369662,0.3460561922208279,7.3060626167333,pending,,,,,,
548,1.831001812708505,10.130354191641382,0.8221797994905963,18.544924044797554,pending,,,,,,
549,1.7182244010639893,21.347774888662677,1.1692040171589742,12.316406037037165,pending,,,,,,
550,0.8532547886886683,28.04951539349477,1.8625744119589247,13.48721965950206,pending,,,,,,
551,1.8175924219211579,16.11470749559806,0.6939401939142109,19.398854042286878,pending,,,,,,
552,1.0328378831650928,21.035982789977552,1.6590800590383472,8.207567227222846,pending,,,,,,
553,0.5278068697764874,45.49082632283694,0.3350437198965994,6.342426331281931,pending,,,,,,
554,1.9636819304985367,27.326730736568436,1.2181457264264501,14.410961985603615,pending,,,,,,
555,0.48845643907397196,11.384369899452746,1.8878919267275005,6.1565905265135905,pending,,,,,,
556,0.3139246798773178,13.831165303496292,1.4540432229482994,5.677093829555816,pending,,,,,,
557,1.4054362786973134,30.366428219184463,1.3649809752376811,12.821092408215836,pending,,,,,,
558,1.3874984914068695,25.457719151971354,1.1934769396533125,6.091070754413896,pending,,,,,,
559,0.9805802451576605,22.418757773323858,1.8177390225250216,9.129810565389239,pending,,,,,,
560,1.551627952591421,10.002000730893657,0.2645776199294999,8.185952938759856,pending,,,,,,
561,1.154849451541225,36.416996483832605,1.3766577083640426,8.025330145650802,pending,,,,,,
562,0.5578763034295765,23.087580553894284,0.2717081708757124,16.926540650176186,pending,,,,,,
563,1.1057816445148343,39.06773974358687,1.3164499351156398,5.199717265956926,pending,,,,,,
564,1.7666353758867999,12.752895346133476,1.9446868331558218,15.978048464607213,pending,,,,,,
565,0.3577260451266928,32.117168709359134,0.4388342486584339,5.847843375222252,pending,,,,,,
566,1.7219543000549036,26.96931176523272,1.4170303083834581,8.642727971134256,pending,,,,,,
567,1.0429144829758905,15.812322489613415,1.1996961709136176,12.474872594003724,pending,,,,,,
568,1.6340361647556572,25.84104717017337,1.7723990497367776,5.317412130090777,pending,,,,,,
569,0.7448157771080774,36.891777569185074,0.6036734746136978,16.20673893291189,pending,,,,,,
570,1.6675898753591294,32.035237869030965,1.2206298708238021,11.514654129472056,pending,,,,,,
571,0.3500089245646797,36.0267210438699,0.6358951901048431,19.4172102178737,pending,,,,,,
572,0.13850773713191097,40.883547388610204,1.1814066686777407,12.917414975177369,pending,,,,,,
573,1.5338262536293388,36.18396294057904,0.8643740825200624,19.31959912796811,pending,,,,,,
574,1.7442903511256915,22.34494843029559,1.8036009824699837,6.462650385739683,pending,,,,,,
575,0.8400449715558398,28.16842393145667,0.5310521351380286,9.395422616204112,pending,,,,,,
576,1.18616850375624,43.191254859128385,0.7659996436614492,12.130017684434286,pending,,,,,,
577,1.2117923047506203,19.80129687269231,1.5062427630196122,14.625527354782355,pending,,,,,,
578,1.761131247848968,42.4923458484768,0.1381530190310695,19.547958025394042,pending,,,,,,
579,0.7396937392867144,22.931855814415762,0.13108545186071513,10.882411306922183,pending,,,,,,
580,1.6633633310702842,13.76333067349118,0.46767398335970745,6.503797510422146,pending,,,,,,
581,0.35887697445196487,18.98108831286567,0.8298796827155239,19.090869283082988,pending,,,,,,
582,1.6914459501067303,37.23966162147383,0.7514084058687871,6.713289118681974,pending,,,,,,
583,0.4651940750032726,19.62568241605055,1.431541791263299,18.180804791708404,pending,,,,,,
584,0.9396599979280864,37.45873256081341,1.2065912684753763,16.00714387063588,pending,,,,,,
585,0.9973397397425939,38.642218205007964,1.690696180272403,18.076213034532497,pending,,,,,,
586,0.2850789976605884,43.67735441609461,0.9565300484247171,18.88913805346289,pending,,,,,,
587,0.10768226722936362,22.875552138049855,0.9308322544620562,7.523199512408526,pending,,,,,,
588,1.39458549897819,32.92331848377742,0.8378210159758487,9.34295429382994,pending,,,,,,
589,1.4697073729649384,44.647502340719015,1.891638372658355,15.010668515319654,pending,,,,,,
590,0.5396897493916628,35.083922173185854,1.3257456964568886,15.286424741773887,pending,,,,,,
591,1.3174479598038633,44.82302333096782,1.3560572271169657,15.435943503277938,pending,,,,,,
592,1.3540305260948013,39.6777823704644,1.9944210213562705,10.93006725976667,pending,,,,,,
593,1.3215359767169266,42.39826169836027,1.72695515276519,6.4764887661187815,pending,,,,,,
594,1.8876086474815155,35.03119644666105,0.8505489979408412,6.553340534814083,pending,,,,,,
595,1.8796590733850658,14.851846159390643,1.5824472456984893,19.39012201885285,pending,,,,,,
596,0.14644967737630138,35.11616766346674,0.3086547514103115,16.809879571424514,pending,,,,,,
597,1.4195010265493402,40.80069532290801,1.14709689491365,15.983838127711055,pending,,,,,,
598,0.692786842868637,41.11619110315422,1.84530216543066,5.477515156807242,pending,,,,,,
599,0.47044747105105067,43.8167914399869,0.11799754347437291,5.138309596268108,pending,,,,,,
600,1.098993162322896,20.134248422623152,1.1728741159966245,10.176205448519408,pending,,,,,,
601,0.6129303404887685,14.95618249136096,0.20759364679838013,18.952016049412947,pending,,,,,,
602,1.5765670465879058,33.63390520446758,1.235994361492006,16.17373878669818,pending,,,,,,
603,1.7281708306191201,31.844349825733648,1.3886818689303888,7.438699285318486,pending,,,,,,
604,0.6762405347761351,35.28393744176694,1.27374852630481,15.07442296762707,pending,,,,,,
605,0.5147077097385517,31.53968407469451,1.9260380387947031,19.016287658248586,pending,,,,,,
606,1.3958302403478955,37.42245944912891,1.5641716063381554,10.173991004211011,pending,,,,,,
607,0.18319344219389963,49.831747728199005,0.16114221165675743,19.64625835455355,pending,,,,,,
608,1.3528090739883247,19.84949981449837,0.9492954656232903,7.03807453975662,pending,,,,,,
609,0.6322250353109385,40.92972130580905,0.17839696211453543,18.65655988981451,pending,,,,,,
610,0.9559934134190339,38.81903403461665,1.5102895710722888,6.329279803031001,pending,,,,,,
611,1.055620055874416,48.08906654249894,0.9331994107437995,16.33040339852142,pending,,,,,,
612,1.5258871835132561,13.622594634028369,1.8952747770764524,7.971053208037292,pending,,,,,,
613,1.2630613285474377,46.686144858690305,0.36342189866927166,10.83097488714304,pending,,,,,,
614,0.41245422045924574,16.7152905919529,0.590167312301057,18.201943462835505,pending,,,,,,
615,0.8520878346388716,42.675972989739165,0.9675990914813574,19.57999160944936,pending,,,,,,
616,1.3592371917501944,39.98875159939902,0.3543097453259182,9.370612466060642,pending,,,,,,
617,0.21582355321756935,36.795931145649455,0.26830113066280237,15.663037188833123,pending,,,,,,
618,1.4442310778529093,26.164068478169227,1.0386089958023295,19.352215077923983,pending,,,,,,
619,0.9035745673104303,11.535414369777161,0.7631714897349178,19.699004629245728,pending,,,,,,
620,1.617867404465983,12.576742882302243,0.8941352418328399,14.412545628944356,pending,,,,,,
621,0.2903120683593623,23.331463894430144,0.3160175249121332,14.082891705997495,pending,,,,,,
622,0.9840958563056371,44.60221284625056,0.9688184753202018,9.231340128610357,pending,,,,,,
623,0.26959712219422727,28.129188688206764,0.4171305449514866,10.83673183507657,pending,,,,,,
624,0.2965558686999068,27.444716267569504,0.15507976756648695,10.300900936423906,pending,,,,,,
625,0.8592321315976095,17.419914595613196,0.4235256135634722,9.423892790418812,pending,,,,,,
626,1.573830981299882,33.65108144430735,1.429875916941893,16.618267944869228,pending,,,,,,
627,1.2797274342570375,38.148969269141915,0.8395443359367657,11.08021776678681,pending,,,,,,
628,1.1391960725924093,18.32335309576512,0.4069912951219353,19.48493295526695,pending,,,,,,
629,1.0363466545733502,39.91832634751205,1.7282686888941352,19.406064791386722,pending,,,,,,
630,0.3208547793046128,21.224325381263732,0.5997468616384282,17.8460482983784,pending,,,,,,
631,0.24352436884231723,13.464606263146852,0.7561009485052227,9.190357383295261,pending,,,,,,
632,1.1292915562682841,12.58280156060712,0.38128565515799107,11.083673374638455,pending,,,,,,
633,0.567145389323922,23.56165740052777,0.3993127057655004,16.454258371772497,pending,,,,,,
634,1.2392458409670364,11.943194461600074,0.9640059705204812,13.508009217263865,pending,,,,,,
635,1.6512558300027667,32.175643182508786,1.2033132820040102,12.216763523349552,pending,,,,,,
636,1.1377343588891002,27.75259330956431,0.8658360391999035,6.821761429065212,pending,,,,,,
637,0.46275993368389523,34.7814548298911,1.648918033459498,7.788424162053737,pending,,,,,,
638,0.4287419516508971,30.173395454412667,0.3510582248824473,18.931641822424787,pending,,,,,,
639,1.159370448298291,46.86494551107949,0.7274979782435426,19.915038020582983,pending,,,,,,
640,1.5949718561935793,12.900121322510488,1.8793972778003691,14.708325454411963,pending,,,,,,
641,1.861229077511283,48.61452934251742,0.6280095625446789,7.129591713939307,pending,,,,,,
642,1.18477947970022,29.93995858823166,0.6527620438279517,13.951848483833253,pending,,,,,,
643,1.2847017372117566,39.4469475033338,0.6509772942870145,11.191821878721322,pending,,,,,,
644,0.7797431018074712,35.15518875127179,0.6766193953387754,11.602715019543826,pending,,,,,,
645,1.7695114840924426,25.629320083644572,0.7431409924781746,8.787691013092246,pending,,,,,,
646,0.4203574707993927,20.025002194462044,1.5888173874987854,13.533102823153783,pending,,,,,,
647,1.8643363738980596,42.14717924947241,0.22066835079738145,14.486709596682154,pending,,,,,,
648,1.6268697222753574,11.236391157824654,1.4156468068970651,18.0955205919743,pending,,,,,,
649,0.2943638047958595,34.72721113692836,0.34985180126341586,9.519147823927604,pending,,,,,,
650,0.7844363774689137,46.58899386025719,1.1061591535883806,19.13390121909338,pending,,,,,,
651,1.0915885720592855,37.66538619467226,1.5636995176636181,13.48238904445939,pending,,,,,,
652,0.8156818255186253,49.3110997551112,0.7712322558725415,13.659209192745765,pending,,,,,,
653,0.6297392437939133,25.60015117006391,0.3403587657634175,7.350773680198438,pending,,,,,,
654,0.9194754628515279,36.76915823313031,1.9415521019659454,17.95378561698876,pending,,,,,,
655,0.8877568749011298,18.89186647715602,0.8229583787545878,11.666262044290978,pending,,,,,,
656,1.2150738779055705,19.598036842469885,1.3754475855352473,14.786266330041414,pending,,,,,,
657,1.3899162380650758,43.27132218511296,0.43988167818991275,8.100575411811374,pending,,,,,,
658,1.020705899884076,18.004662789414965,0.1728281409755255,12.519181465597015,pending,,,,,,
659,1.6038545657667038,24.779634770649068,1.0103731661822024,11.543504050665227,pending,,,,,,
660,0.20834645360955206,41.79201422593316,1.8378120450752,11.28007854718773,pending,,,,,,
661,0.8853927931169999,22.329546208000895,1.4592943318679379,7.4487441550222275,pending,,,,,,
662,1.0243381197008938,28.092259685110932,0.9454939890219903,8.011788331294625,pending,,,,,,
663,0.8968775544940323,34.70375792027302,0.2637489236953945,10.118934948911424,pending,,,,,,
664,1.9064672111493737,47.895420669337724,1.246974383542751,12.39003415356639,pending,,,,,,
665,1.0278083224671632,26.0475309390498,1.8423528804782954,7.469988484032635,pending,,,,,,
666,1.916426614552594,31.937636974433158,1.3716621202129058,13.959843550416446,pending,,,,,,
667,0.3489976890811626,30.503053956827515,0.4304640429418811,14.870220171863,pending,,,,,,
668,1.7283440880718122,34.81923439375667,0.6767258850183234,13.829809272287537,pending,,,,,,
669,1.9696737549784977,28.32089681673518,1.677425033949164,18.666302863759967,pending,,,,,,
670,1.6657991952234028,45.52292045793619,1.1773011529625652,14.159308600963664,pending,,,,,,
671,0.17285297773858704,49.397119862184155,1.9192099599069496,9.26461151688508,pending,,,,,,
672,0.47855236599517026,40.571891726471364,0.28616951368189103,5.828242548924306,pending,,,,,,
673,1.169716989679402,39.463827578691394,1.3998687448467197,6.935544962579253,pending,,,,,,
674,0.4777385525814538,20.417842104307752,0.5692837523167188,13.760437432369557,pending,,,,,,
675,1.776593102827986,36.68291689506425,0.7065494095857181,18.30732748667605,pending,,,,,,
676,0.305349102553598,30.84672222373344,1.3871625923606794,11.697473376401122,pending,,,,,,
677,1.7009124172401973,40.73658831460527,0.40943392062337514,14.922319214830138,pending,,,,,,
678,1.0657410653402302,11.34315402961778,1.2386945875968127,16.048382792953653,pending,,,,,,
679,0.12835672881662927,24.74600668680413,0.7590012677645901,8.36708111996389,pending,,,,,,
680,1.0100502443023416,38.098287408553816,0.7611469924544623,8.092694836313903,pending,,,,,,
681,0.8448961095916755,22.690492722228385,1.1184028226102116,6.109247383768197,pending,,,,,,
682,1.325865789155258,30.01122511500818,0.19789580259920792,10.518988559086857,pending,,,,,,
683,1.7738601640024216,31.327847212974365,0.2339383249206859,6.496378455929886,pending,,,,,,
684,0.13097265878110995,25.59492724897936,0.2608492393225616,16.713992991030903,pending,,,,,,
685,0.555461152126328,20.7070776065046,1.4798595225073317,6.729829020841177,pending,,,,,,
686,0.41753833524891293,37.499998195345924,0.49809577332070676,5.300060677369223,pending,,,,,,
687,1.453229833340324,45.763188577681134,0.24497882027377854,9.17579249231327,pending,,,,,,
688,0.5323119485739574,42.07273980319873,0.4856303426460764,5.665081062519744,pending,,,,,,
689,0.865338235333236,17.215028842832435,0.7189868216388886,13.928293995628371,pending,,,,,,
690,1.300952045997111,32.830141726965834,0.922304503711201,9.16881278329574,pending,,,,,,
691,0.8683644316660211,47.16763446717455,0.6379528290909044,8.379130107185155,pending,,,,,,
692,1.4145916294592749,19.88391628196598,0.47242267324779597,11.127640785921024,pending,,,,,,
693,1.3756576924247312,14.818168721922158,0.8076662154162066,18.99471030421887,pending,,,,,,
694,1.9315779743907473,48.22025386065001,1.0871638849693293,16.56303897211909,pending,,,,,,
695,0.1715698050715801,14.984533484882697,0.1363308457538455,18.691280987613993,pending,,,,,,
696,1.7112665768760182,21.7076940311142,1.4612567773431782,13.784549509286933,pending,,,,,,
697,0.16829519618300248,15.204560970419763,0.39667817677182426,8.747854176158455,pending,,,,,,
698,1.0406721417563818,12.454862472958244,0.6431363508491196,11.024362482276297,pending,,,,,,
699,0.6807279781396361,42.60551386454724,1.9855849217443664,5.255745014002482,pending,,,,,,
700,0.230056634778391,27.31365345967849,0.5383023487917404,14.688997917252152,pending,,,,,,
701,1.6435659971453622,41.68746156787189,0.9044487248089682,14.440611316631383,pending,,,,,,
702,1.9693236885454004,48.63342822123859,0.37047498958794345,10.255363412309809,pending,,,,,,
703,0.4019358397042906,22.193566496096274,0.786007359424948,11.627154536548499,pending,,,,,,
704,1.5027126169479674,10.105783443970093,0.25415307034423174,16.418657193810034,pending,,,,,,
705,0.7194693360216615,15.423224889769678,0.5846121490324356,8.92053076650893,pending,,,,,,
706,0.7238237217023461,22.674612521219892,0.7286954872084481,7.314288116296538,pending,,,,,,
707,0.34488756573676993,41.23038493254051,1.5967703900539814,14.290611987319513,pending,,,,,,
708,1.1452162895721472,27.628151849998275,1.7683553088388413,8.006494491194836,pending,,,,,,
709,1.4302061738161775,37.989127984043414,0.4101592859838604,19.77269671857978,pending,,,,,,
710,1.3928960835898672,15.165441775035791,1.126170417223503,18.49408830941927,pending,,,,,,
711,0.7880662002130243,36.22032655280282,0.7798078060097845,16.955236195365902,pending,,,,,,
712,0.19013149133794688,11.079276206364076,0.725189490355663,14.941851747895377,pending,,,,,,
713,0.47410131132973266,41.91426417803981,0.27444789093412825,9.98320887626026,pending,,,,,,
714,0.4402222342268428,27.050627714369835,0.6870074890612089,11.096530485345813,pending,,,,,,
715,1.1189248416041542,26.388788066256577,0.9385750836819724,10.25751592174053,pending,,,,,,
716,1.9795596538783733,30.89094188080295,1.8104260166586095,15.13775113606442,pending,,,,,,
717,0.25072946719819433,38.21636850283464,1.2420373301976517,5.630435854070273,pending,,,,,,
718,0.5036187774742369,36.53406312039961,0.16341076851298336,7.900617805180483,pending,,,,,,
719,1.558457652387111,29.79995055024883,1.994090713328549,14.391858663214805,pending,,,,,,
720,1.311011851333721,26.744948952717486,1.2983966416934152,15.744349914460765,pending,,,,,,
721,0.8334696097457804,48.395026358752816,0.5704508330956066,9.253489450234525,pending,,,,,,
722,1.7724302908552454,43.112819113439464,0.23067889134987035,9.050884555837655,pending,,,,,,
723,0.3615660875440059,22.214559109189317,0.5962211382609296,19.81945511542542,pending,,,,,,
724,1.1447955310991942,42.18886077626792,0.951549990135061,6.887081005390351,pending,,,,,,
725,0.28252974150005716,13.687081111254987,0.23796272693114448,8.40978671574154,pending,,,,,,
726,0.3670946147097274,23.040831746377606,0.5744058165883849,9.843638207364757,pending,,,,,,
727,1.2799428040820724,47.73239061919698,1.2331590907178789,15.243274351915588,pending,,,,,,
728,0.6835230523081974,25.728164094711794,0.30551706796863143,13.861220343488407,pending,,,,,,
729,1.4908200016162794,21.978898426913098,0.15123480137395434,13.27907310073873,pending,,,,,,
730,1.3333139310087871,20.650332426361892,0.1790754180189149,12.884640814070874,pending,,,,,,
731,0.37342589663854053,39.70962574136196,1.1416922815799424,10.183847291277228,pending,,,,,,
732,1.7851393091793384,48.70487114137268,0.7233219002455349,9.63262772945389,pending,,,,,,
733,0.5272397028653397,13.529981638490895,0.15798358566239398,14.559258284567154,pending,,,,,,
734,0.6531963845075236,34.05582478135972,0.588390290207538,19.657116969207685,pending,,,,,,
735,0.4361920209227471,29.587563020244296,0.8966878200823134,8.68776042747564,pending,,,,,,
736,1.296758891123549,29.180846670932862,1.8764079144168084,9.586749101979308,pending,,,,,,
737,0.572815682556147,45.10510277993437,0.26540385794010746,18.91044101414505,pending,,,,,,
738,0.5054310773139481,28.463088114203433,0.223678836764372,10.081157994701162,pending,,,,,,
739,0.34411535442751684,47.82611419985675,1.5756928948573625,15.912945705530305,pending,,,,,,
740,1.8961984117693154,38.82451597541668,0.42721904548303935,18.445388792007037,pending,,,,,,
741,1.9934579728291906,24.52185151260174,1.2434325253190075,17.783629988214404,pending,,,,,,
742,0.5109234891295154,40.99313293402767,1.6354045685702583,6.185930206347143,pending,,,,,,
743,1.4548822104435375,26.99256623194649,1.0628234174518345,15.945633838145087,pending,,,,,,
744,0.24092545715530117,19.65375725542664,1.654780697298382,16.587932570993043,pending,,,,,,
745,1.808538812733435,16.30295714084641,1.8848568615170174,5.447609155862195,pending,,,,,,
746,0.6656018772181512,41.617067777407975,1.678520417858269,16.915267308301292,pending,,,,,,
747,1.393068128510856,13.34496692186264,0.5816404608054208,14.150578643521182,pending,,,,,,
748,0.9606061059948101,29.883578223056016,1.301512070246635,7.100290609698851,pending,,,,,,
749,0.8017510582472281,45.392299030536975,1.1787553841206215,16.75249671352123,pending,,,,,,
750,1.2309287716177966,11.71238866790468,0.5035107742275503,7.9779218121013855,pending,,,,,,
751,0.9169845517039378,35.5911919843645,1.4204817068066777,18.770599331426343,pending,,,,,,
752,1.8672218092361916,21.937460899616433,0.7719714926895147,12.994209175512943,pending,,,,,,
753,1.361180329897244,13.865487967040394,1.9113182026200537,17.305616885066062,pending,,,,,,
754,1.325072897473576,32.348673825341194,0.32536887142232995,19.44495736905242,pending,,,,,,
755,1.2169351576818837,24.809931461323785,1.9432496841880103,9.683229438913289,pending,,,,,,
756,1.2256474493086202,23.016138376469712,1.1764737442920932,7.827165084690508,pending,,,,,,
757,1.5511508797694982,31.147407973624134,0.3326142389481355,14.449644832205875,pending,,,,,,
758,0.6092975460177996,33.50523377257527,1.9753888821708994,10.505489849802082,pending,,,,,,
759,1.739844617544556,21.370228309084865,0.34155368884829407,5.70149654988056,pending,,,,,,
760,1.1517017985911409,21.62496935436654,1.1058850479995321,19.47974070274445,pending,,,,,,
761,1.7333420212760384,43.50636188575974,1.1924028249967025,11.668370613619663,pending,,,,,,
762,0.9126146388970342,18.637700613322345,0.444240325701753,8.11037673215888,pending,,,,,,
763,0.41564534366138406,12.70889878885626,0.3977425362507656,17.444032737557187,pending,,,,,,
764,0.4333122594551415,37.084389589254556,1.9175581866875753,13.813365906564046,pending,,,,,,
765,0.7570216351868064,19.296186887565934,1.5281575760953008,5.540669017249513,pending,,,,,,
766,1.5188423242382325,17.104556643934274,1.5628383779991402,9.922592741971485,pending,,,,,,
767,0.2352247554374317,33.16744051926108,1.4027090754024287,10.207403618756626,pending,,,,,,
768,1.0865148518014962,42.64111092559385,1.5885037603668821,15.494847921834472,pending,,,,,,
769,1.1998043219730445,23.205542521540888,1.234354546259678,7.25728936589217,pending,,,,,,
770,0.6700130257093933,25.122994120086712,1.820136732423448,9.181694980003915,pending,,,,,,
771,0.5680216547241137,19.785921759053,0.49922588496152487,11.74979442632431,pending,,,,,,
772,1.5366148532860875,43.9863987064157,1.8494565592350853,15.441683396610141,pending,,,,,,
773,0.2145064258660265,13.051090288092537,0.4751278080178688,9.614667137130008,pending,,,,,,
774,1.0447566153867809,17.019527415379898,0.1758555129876243,16.40326798377516,pending,,,,,,
775,0.5378637412798005,36.373442755171965,0.5842102046925045,12.396380172332563,pending,,,,,,
776,0.32336870373672044,25.516468195580003,0.44536330164449456,19.199939029773482,pending,,,,,,
777,0.7435002804250721,17.643490082662915,1.3785229794895604,17.883178401233447,pending,,,,,,
778,0.584103711461282,16.171024308361297,1.6475662770122477,7.653191874995145,pending,,,,,,
779,0.5622524153383018,33.35720453470793,0.7528019173972812,11.073469363995116,pending,,,,,,
780,1.9472655157814065,12.991963683236378,1.833491551506163,5.620679933163617,pending,,,,,,
781,0.9177375708519921,31.69582478797192,1.3098150793571457,7.356600182574724,pending,,,,,,
782,0.45978979635565065,43.451783837480306,0.573975739902369,15.785070507610868,pending,,,,,,
783,0.43062341594571074,34.38211674214517,1.2731978520871017,16.579659453943066,pending,,,,,,
784,1.3903959910157082,20.766761970178194,0.7935196637324986,16.671247200570335,pending,,,,,,
785,0.9243436864429497,35.30360974728558,1.4804776527569314,18.803654523926525,pending,,,,,,
786,1.7926158417664482,46.815001925943214,1.155544846910812,14.658916096475725,pending,,,,,,
787,0.2132738842933244,44.417024770506075,0.6416083281343947,5.8150727812328284,pending,,,,,,
788,0.11741293177328604,15.340333204948802,1.7700854407661235,8.277972359262128,pending,,,,,,
789,0.9272347533488309,49.70079921149025,0.6615625766374782,10.596772296772649,pending,,,,,,
790,1.190726827748809,11.267488100510452,0.8096256332618748,13.299165788239248,pending,,,,,,
791,0.9431891897657779,45.72883850126327,1.3087271223594166,17.737895587170165,pending,,,,,,
792,1.0287585086426922,21.94639610867204,1.1934047327693635,14.268456901350138,pending,,,,,,
793,1.8433820713743658,46.13230204357967,1.261979939226587,13.306056179146518,pending,,,,,,
794,0.9106021590864122,13.101370223442785,0.20595171816392943,8.88491736787249,pending,,,,,,
795,1.695323548915071,34.55428087792757,1.7504340009564858,13.094790868463338,pending,,,,,,
796,0.38800338241117927,43.91595751173964,1.0086360375955337,12.20633793663329,pending,,,,,,
797,0.5015349400152073,35.872702403652546,0.5023381072812262,11.679643857381512,pending,,,,,,
798,0.26739131243847236,14.89309059300029,0.9049519848009093,17.656190660440007,pending,,,,,,
799,1.8941162976883505,24.870085160744395,1.5153757419810425,13.07004590297339,pending,,,,,,
800,1.0063519519103177,23.395611492561443,1.745171183392953,15.382733367381224,pending,,,,,,
801,1.5927343449031066,30.606885676778308,0.617356787846924,11.56522078256885,pending,,,,,,
802,0.9880859110484366,11.771418478617012,1.1043836346319156,12.350713000042543,pending,,,,,,
803,1.9463058198707204,44.37176964073318,1.1279985350030772,12.093832151101319,pending,,,,,,
804,1.8808905194691705,46.82653916147715,0.8364843486879833,18.50147474110108,pending,,,,,,
805,1.40265022346589,41.03245323577572,0.6389073868930333,6.8275411488272315,pending,,,,,,
806,0.5116369908315928,35.426674001753156,1.5011125030619152,19.10514059133881,pending,,,,,,
807,1.3276596591547036,33.98437319534139,1.6460184482276992,7.85235403358527,pending,,,,,,
808,0.6909704575374777,25.555827851399098,1.2022113349419157,14.380656096847762,pending,,,,,,
809,0.7953563681305196,49.69838522850545,1.6294296627257645,14.176705888175968,pending,,,,,,
810,1.8162643451587202,12.087137157953988,0.9281506328773272,7.875627929701784,pending,,,,,,
811,0.8572968248438064,16.039817173490757,1.791042291049413,15.16778017384078,pending,,,,,,
812,1.213784620440101,28.493267514281527,0.7624168148613211,12.576426512731839,pending,,,,,,
813,0.32822165408856296,11.550794562268559,0.8743658344723035,10.907591202707309,pending,,,,,,
814,0.5415854970771008,29.486164692831444,1.2914237887827593,15.459938406271773,pending,,,,,,
815,1.1987456601230275,45.63258011252734,1.6836661601185614,7.689649782565733,pending,,,,,,
816,1.0922388586298313,40.61411297582491,1.7887896972069244,16.258115931546637,pending,,,,,,
817,1.983181943127527,49.05099736644764,1.5184783512210982,7.604930496510459,pending,,,,,,
818,0.12322958138587432,40.367822301295604,0.13214898869635086,18.94963986815493,pending,,,,,,
819,0.37638444439861374,16.01377468290059,0.7947648101239603,18.59744099439393,pending,,,,,,
820,1.7378812248084563,40.062879011634465,0.43655254079598005,5.983362090295388,pending,,,,,,
821,1.8905563813710329,43.292729104780186,1.65680286988541,10.806620766489605,pending,,,,,,
822,0.5125572237997414,18.93823411463874,1.1717983675377004,6.98461407256045,pending,,,,,,
823,0.3076564060093039,46.45503101424868,1.6852624943502932,6.64611339018282,pending,,,,,,
824,1.2224604222360134,24.65410722009077,1.6109029347159067,5.112572175464463,pending,,,,,,
825,1.140803604521222,11.036152100637297,0.2549782014210444,18.575296117367724,pending,,,,,,
826,1.3803359661271475,44.397411057489485,0.6552582359393396,13.973844008429909,pending,,,,,,
827,1.3850596057809281,35.681971999534895,0.5607232745850906,15.893806429110331,pending,,,,,,
828,0.7523660417453935,18.392895183914387,1.5783834541287252,5.883387013219484,pending,,,,,,
829,1.210686288284294,46.34902171242566,0.37375035018454295,18.729573564351305,pending,,,,,,
830,0.7047417379448624,39.838687650223875,1.4430358836427681,14.252417590987507,pending,,,,,,
831,1.2638318849685015,26.78553461116006,0.4636773795606022,17.875249135261754,pending,,,,,,
832,1.5247419938492845,22.52733265364099,1.359892862134415,17.435455612573946,pending,,,,,,
833,0.8278485326053805,12.293983766223553,0.8735629074361732,18.372802881852394,pending,,,,,,
834,1.730203787051402,16.891208331794587,0.8843804899547636,12.377505164763416,pending,,,,,,
835,0.6628521821007557,30.32676613233182,1.6013493531544785,19.788484202392997,pending,,,,,,
836,0.36901204602841786,49.551266669845,0.7616924500213401,11.79412994378547,pending,,,,,,
837,0.520394063845955,20.97012426864432,1.8029287856792648,7.053599285960326,pending,,,,,,
838,1.3063376614170195,46.665550725523126,1.453079535331825,11.869661491706918,pending,,,,,,
839,1.5544489956620173,19.608828150762143,1.7843145254850825,10.990427416453283,pending,,,,,,
840,1.1962098834263135,23.061338808816153,0.8979559145821376,12.196982974445401,pending,,,,,,
841,1.4579259166769218,15.620218104589974,1.8547736100242525,12.407527953780026,pending,,,,,,
842,0.8195964294486533,48.291799569038936,0.7876382680020572,7.196640776089231,pending,,,,,,
843,0.7493788112813141,15.227428302198591,1.0215634774057336,16.176481732340697,pending,,,,,,
844,1.5551555490455964,47.639285840291755,0.825947577974171,10.82521322080207,pending,,,,,,
845,1.5863206869583937,16.57454731756205,1.645564277611957,12.6351223455864,pending,,,,,,
846,0.524528683327772,12.409156912999135,1.0262934851024994,11.976712036675512,pending,,,,,,
847,0.8857211489622047,10.636553738671312,0.2594811983541905,19.288425909678082,pending,,,,,,
848,0.6886706914454118,15.13702328431254,1.392982050471458,13.033500586853258,pending,,,,,,
849,0.8538437263820836,47.68926359234718,1.1373568080419885,13.702611813486074,pending,,,,,,
850,1.9336571141218144,49.07486029090321,0.7356572575845504,14.728057187173217,pending,,,,,,
851,0.42011568351547846,47.81056022731306,0.7415009993710192,8.55022390959894,pending,,,,,,
852,1.9517662774378282,43.532344493018805,1.6668054539827146,8.666013393944356,pending,,,,,,
853,0.9469770383113914,44.761215286952876,1.7872058765325245,7.489801119103111,pending,,,,,,
854,1.966584028400041,33.31793976167608,0.37130799251257596,7.694320448203847,pending,,,,,,
855,1.1397868004331924,27.881594838877618,0.2989380205917226,9.93883977329532,pending,,,,,,
856,1.6056254462868096,18.31989656968162,0.5806085226886644,19.329414673251026,pending,,,,,,
857,1.8990690066173745,41.248218380547215,1.308388522679687,9.973379115603938,pending,,,,,,
858,0.45653895781839515,46.20036675950594,1.2263983855979166,12.7309100522738,pending,,,,,,
859,0.1878516583326152,14.03794918370986,1.921843398002759,5.295264481970944,pending,,,,,,
860,0.1840912395974278,12.202143747382365,1.455761596235982,14.995015537642258,pending,,,,,,
861,1.6279459325011147,11.644915030452387,0.22668969098326083,18.625132193687918,pending,,,,,,
862,1.5616959822065475,17.814344293005927,1.3857974127512593,6.743579922828943,pending,,,,,,
863,0.9794323699544142,17.636705148177896,0.7481902492503784,17.62654699232658,pending,,,,,,
864,0.18029971911391365,29.820142899414726,1.3790314082286854,5.73683622061911,pending,,,,,,
865,1.4168409968703664,22.910980352234425,1.8021540623149286,10.275993870851565,pending,,,,,,
866,1.1368479110957597,46.41251327811105,0.8819849987030862,6.152712141130754,pending,,,,,,
867,1.7234600210881263,34.3071166252895,1.1901165719249143,8.564870126622898,pending,,,,,,
868,0.27103905235452863,37.26498885996041,0.9179744018120293,7.088674412323408,pending,,,,,,
869,0.710849805685994,23.10505361132278,1.268886394260919,12.54328988892499,pending,,,,,,
870,0.9097719455838948,48.65848798792917,1.1567981394712163,18.29997382027154,pending,,,,,,
871,0.49951518205855916,41.312696831189015,0.770690423977403,18.370184851167764,pending,,,,,,
872,0.8385084741232327,48.91976783500779,1.542309026980417,6.806707033860897,pending,,,,,,
873,0.6263050066579889,42.29653689225835,1.223476558660719,10.095800024818884,pending,,,,,,
874,0.35122309709363364,30.538348876280693,0.8035886635778445,18.114199633528614,pending,,,,,,
875,1.7049111718181056,17.76384209591105,0.2150644244347537,15.041609137578831,pending,,,,,,
876,1.8322163932252349,14.060670699611865,1.7329886365827503,8.570862420436892,pending,,,,,,
877,0.5482806707299848,40.21579619373888,1.526576676911297,10.42075438867154,pending,,,,,,
878,0.8866006398141021,33.687512763377015,1.86038213462089,14.075756302435115,pending,,,,,,
879,1.5610754067357855,42.006479181012914,1.90246823296716,9.323900486434436,pending,,,,,,
880,0.46178960136162395,30.053232309994836,1.3903774607356933,5.581552232703292,pending,,,,,,
881,1.1244133738767468,18.95506109894817,1.100591768686747,14.116344183708842,pending,,,,,,
882,0.25912505884823755,36.83656559964555,1.037144912985891,10.432502938780775,pending,,,,,,
883,1.5787740200435278,32.62290528331673,0.5859250071559177,17.414945696584653,pending,,,,,,
884,0.3942550089370892,47.01494877038667,0.38054899507649376,18.93800253727703,pending,,,,,,
885,0.5633172397870729,29.44195577071475,0.39117563608250927,17.16712802509657,pending,,,,,,
886,1.8052712380352076,35.21220108025388,1.4500660708584976,17.981322721649274,pending,,,,,,
887,1.6830586141527535,30.414471729934753,1.0441417522156253,9.70582991045997,pending,,,,,,
888,0.7805649645572283,17.03115109934615,0.9982878588722762,16.257127484586917,pending,,,,,,
889,0.5925897381044745,37.51186712381711,0.8914150388927384,12.067642906787896,pending,,,,,,
890,0.722619520846144,10.937722058012554,1.538745037870399,18.00592184143087,pending,,,,,,
891,1.6246746881345278,23.596471231552144,1.9524793458323575,6.056492144846503,pending,,,,,,
892,0.5338249308485254,15.145863512031745,1.0577193288788536,16.83410179315787,pending,,,,,,
893,0.969828264417946,46.288187479378,0.14608181034625778,14.588900140248162,pending,,,,,,
894,0.9062236695498948,14.536932083440977,1.896913869888778,18.90176916264266,pending,,,,,,
895,0.9447511424810153,14.127367395560448,0.2131906614811011,11.72001707391807,pending,,,,,,
896,1.3517068982989828,38.54483261144657,1.444974223691634,7.9570672864138885,pending,,,,,,
897,1.652065286146747,39.799777839837446,0.31704401145073774,17.94404980075083,pending,,,,,,
898,0.43003343040575237,49.936403529245325,1.21629651111085,6.287963681551622,pending,,,,,,
899,0.8842765271870272,42.92653683332017,1.0617032799118882,5.86708699059631,pending,,,,,,
900,0.602741667520338,27.658997866288054,1.0510818079485578,13.887348507339759,pending,,,,,,
901,0.6689450112538742,20.009327197625286,0.8443080580685367,11.550870524115195,pending,,,,,,
902,0.7785506132295192,38.92810293156518,1.8736008976347305,11.636136477735434,pending,,,,,,
903,1.749942858733934,38.52392893305682,0.461583537416855,18.532990383781105,pending,,,,,,
904,1.483932657740364,30.913921859630943,0.4882115411691188,7.722031821373001,pending,,,,,,
905,0.6336410728845366,10.363946248676251,0.9021591653886899,19.04199693576009,pending,,,,,,
906,0.6170362131846864,31.654918291712583,1.5780439084368885,15.637472896561746,pending,,,,,,
907,0.2835350454907035,10.500004487310814,0.6045255707754719,17.82707809229362,pending,,,,,,
908,0.16468436527144298,14.321262054362975,1.961520171381045,13.463422715987296,pending,,,,,,
909,0.6965634249634319,31.36026751335499,0.23495863619453192,11.031925533177887,pending,,,,,,
910,0.35702080632845967,31.91596409655333,1.094019770569002,15.490525348880023,pending,,,,,,
911,0.16737721899004432,22.548256371760843,1.8125987653841975,14.239000699479027,pending,,,,,,
912,0.5490855621044697,16.040609548629718,1.355470061956684,17.00473285460134,pending,,,,,,
913,1.064302299827279,11.794494846584705,1.0821954291566578,12.707749557974754,pending,,,,,,
914,0.7862630616084293,22.632893944937322,0.8557234512530142,10.543769729539859,pending,,,,,,
915,0.6892648058229285,27.069527913699304,0.7998116583593278,10.571221090569217,pending,,,,,,
916,0.9573936193010794,11.363167467274732,0.8383064185767568,10.70311456721868,pending,,,,,,
917,0.564615729682153,15.865826049711966,1.8006998513045749,18.086783115663046,pending,,,,,,
918,1.2810131465313253,10.977968432619269,1.272055983131462,7.952094829104887,pending,,,,,,
919,1.5164336795215645,33.0289327971462,1.735917783094305,11.846524236479691,pending,,,,,,
920,1.3415582086291595,35.91740352575073,0.8894617885183728,10.2278014548803,pending,,,,,,
921,0.8416558875096625,22.613555093121377,1.4275511370750817,18.262922550429323,pending,,,,,,
922,1.5745727110687264,35.80834693315695,1.9361097353079368,9.791502196024027,pending,,,,,,
923,1.608687465178368,20.14730311376655,1.16628172477142,17.299366208008372,pending,,,,,,
924,1.8839938173696906,18.11215065428195,1.5182486550306,10.369508185506081,pending,,,,,,
925,0.3455003537171356,44.704670511231946,1.4081439932114115,19.918245146500034,pending,,,,,,
926,0.20548601672343347,38.516077825891216,0.48659497941299357,7.024393039061112,pending,,,,,,
927,1.0492047952420804,19.70862943494935,1.0141022931554209,18.68379733839452,pending,,,,,,
928,0.2633009788068392,18.845504526235906,0.5482092003232529,15.625113878007776,pending,,,,,,
929,1.4012942168779021,30.98108802159876,0.5255671811446743,8.23994606401736,pending,,,,,,
930,0.21818390814545305,40.55989997380887,0.21896391625818673,9.543114033475279,pending,,,,,,
931,0.991493278050877,36.28490939784645,0.8679091382058751,14.196083911573982,pending,,,,,,
932,0.9686995478731242,31.24151097752401,1.7530607493163204,10.0685722947915,pending,,,,,,
933,1.2585348921486132,38.614340010270844,1.7130695442780632,16.307343149201042,pending,,,,,,
934,0.11149938556561621,14.931596485069088,1.2902118280539547,9.280071991258689,pending,,,,,,
935,0.4849929648455371,34.419799908027244,1.5524210354329937,17.007725415466062,pending,,,,,,
936,0.5641377292271821,41.015543236126604,0.26921685624756786,10.780012730689148,pending,,,,,,
937,1.2929230627850565,22.94546328683049,0.35967848850927964,8.199204090647784,pending,,,,,,
938,0.627932276675631,25.012705380263437,1.903310873333799,15.598568595523385,pending,,,,,,
939,1.8253394403450232,20.88966441864509,1.5418217623391979,5.671311729603222,pending,,,,,,
940,1.9787963298438884,47.41816820560321,0.24639942131603632,7.701382329819971,pending,,,,,,
941,0.8128264639252247,20.043348041474516,1.8253309491519356,10.49217224393482,pending,,,,,,
942,0.10413893384525093,29.753646787374393,1.8220134881774872,9.700279579931188,pending,,,,,,
943,1.197360387555388,47.36119882506478,1.4845214270777811,5.912933039969933,pending,,,,,,
944,1.1668926648561748,31.434706316266944,1.9801970006280945,7.880811732925951,pending,,,,,,
945,1.774235149414826,32.41953730388097,0.5595558674904052,10.102601219045608,pending,,,,,,
946,0.7176962519473621,27.136360051064447,1.1957970465501768,17.117594631257692,pending,,,,,,
947,0.2936190085827532,20.38580210031583,1.3367917846934174,16.87059298842367,pending,,,,,,
948,1.6412961477077885,18.25927026954983,1.6895093132985848,9.557578321900195,pending,,,,,,
949,1.7573302485918272,23.691686785898902,1.7619256316282057,13.688423580362482,pending,,,,,,
950,0.8444389221332691,42.63138966693771,0.9659772349024676,6.400386699939613,pending,,,,,,
951,1.227980346139009,36.05760455686634,0.5107305024287356,19.15957066483422,pending,,,,,,
952,0.9320838766301424,12.697725279771618,0.5371627077410754,10.22710339945139,pending,,,,,,
953,1.9333417098323635,30.421155016688076,1.5862401612325066,7.462847799715235,pending,,,,,,
954,1.0460325494391778,32.47654605366277,0.28921974182596166,16.681805427295608,pending,,,,,,
955,0.458149041875172,27.192647535958958,1.412581607260543,9.780522848069166,pending,,,,,,
956,1.787908164571725,28.837400792215114,0.47689491114897387,7.094646720459879,pending,,,,,,
957,0.18863292442766783,12.530796048357313,0.7085401878011078,13.124921427389452,pending,,,,,,
958,1.4322236957071703,37.33630199335414,1.0563174083037592,12.923909705690981,pending,,,,,,
959,1.5567994565702117,32.66916871426068,1.2556972645316467,12.608455185874982,pending,,,,,,
960,0.6852943595531689,12.118818494985177,0.9585716402334895,13.147620406892099,pending,,,,,,
961,1.1932925541080666,33.093617416824806,1.4962401189323495,9.338557972100464,pending,,,,,,
962,1.9583838561368636,45.946442890315424,1.7214121907635374,16.055477170029317,pending,,,,,,
963,0.7191413901330107,22.75632904288956,1.4780656272831918,10.143174084060377,pending,,,,,,
964,0.33018983246520406,37.30214054992372,1.6064139790600651,10.676195941732356,pending,,,,,,
965,1.7036985858813094,28.14557606645035,0.3449994869764281,16.567259993827292,pending,,,,,,
966,1.1313913373791222,39.589105734560725,0.6735381421349151,8.020705663867899,pending,,,,,,
967,0.3562610257197152,11.101916439285334,0.29483920302806665,17.5373261537742,pending,,,,,,
968,1.1250665927179067,36.638801667492785,1.0790613458488074,11.80068600265139,pending,,,,,,
969,1.151141376866829,40.18601210990575,1.7523413284593345,10.050444707781569,pending,,,,,,
970,0.1867203185890362,33.67738207742032,0.9784260745331262,5.506162235549211,pending,,,,,,
971,1.0743351513080335,43.3911977022835,0.7114997883246353,11.48384417845595,pending,,,,,,
972,0.5911682961627547,42.76747846229359,1.766838005017164,8.41633863953717,pending,,,,,,
973,0.9505914052190227,40.262457746431615,0.5313313976896312,14.051975193883038,pending,,,,,,
974,0.8429604404975644,42.97244987332576,1.2183488852772333,7.431979359378891,pending,,,,,,
975,1.852485949416656,35.791157801072075,1.5897477499951136,19.56795515713668,pending,,,,,,
976,1.7706019951466054,10.576766489458256,1.6912955250589863,18.641459783977936,pending,,,,,,
977,0.8046895683514942,31.761852672079797,1.2593256073860652,5.020712292315568,pending,,,,,,
978,0.5828314933918137,28.99061675095137,0.8464141026813644,7.376684453475926,pending,,,,,,
979,1.6075617178804575,33.74388642894813,0.41372324920420545,15.726396650996548,pending,,,,,,
980,1.7823112748380956,17.37181401481564,0.2800120045868094,19.376457626921855,pending,,,,,,
981,0.8219201191832995,17.063233782684136,0.8310884002153103,11.434790759873955,pending,,,,,,
982,0.6340089275858055,44.266166807369025,1.2826203377845051,11.838184347214389,pending,,,,,,
983,1.098112226484827,30.944748086498173,1.1554192198137643,15.99214898838505,pending,,,,,,
984,0.13413316674738238,24.115878390610956,1.2857754605553584,11.242729068609535,pending,,,,,,
985,1.2192645859894726,30.11813441578169,1.1271684982530703,9.735827022670641,pending,,,,,,
986,1.3635978897255798,42.94626664305461,1.0352735463201932,11.317513950706644,pending,,,,,,
987,0.9054531893055937,20.235564717861024,1.214074148660462,12.604600057586463,pending,,,,,,
988,0.6050118136099047,18.27088397676541,0.27554120134508814,6.411888903531954,pending,,,,,,
989,0.7855972304911045,10.917587825855783,0.9249967170639226,9.203690505505097,pending,,,,,,
990,0.3250502604984694,25.895885039877605,1.4889422269287644,14.352341095704551,pending,,,,,,
991,0.2721420484811442,28.24364128183313,1.4928133214042478,9.627036059045999,pending,,,,,,
992,1.9031817725144298,44.42946901749862,0.2822913465836125,11.711149187550879,pending,,,,,,
993,0.7083466528269826,30.579649019407785,0.42167479325057067,19.945645363298034,pending,,,,,,
994,1.3302384615375737,46.32398122086461,0.6742689374698541,5.9735118640973655,pending,,,,,,
995,1.4507554989711111,16.762471173526617,0.1948105880466588,10.55057122144855,pending,,,,,,
996,1.210303385570398,49.988720080861356,1.9825003174710594,18.254994582499904,pending,,,,,,
997,0.34030271319726446,44.23145399793628,1.0689844314314279,14.247257097225477,pending,,,,,,
998,0.8774039107870766,17.870257549183826,0.19645290270673732,5.423024236266606,pending,,,,,,
999,1.155656535875417,45.43182620259855,0.27653957739017976,5.806496307510139,pending,,,,,,
1000,0.568975021874544,20.6602572407518,1.2853091881220478,5.460843124294651,pending,,,,,,
1001,1.7105671986790985,36.918247377606654,0.4265931094678478,6.542338631597978,pending,,,,,,
1002,1.1500304123249436,12.676200343413988,1.2093958088306966,8.91002079171389,pending,,,,,,
1003,1.4880196537596815,13.846371019204883,0.4843731348607544,5.232735719358177,pending,,,,,,
1004,1.436415103199309,45.5581410489253,1.004525233326745,8.369460102144613,pending,,,,,,
1005,0.3157186001696549,25.46316523817265,0.33948777206929404,8.391242020794294,pending,,,,,,
1006,0.3354843681188578,49.942999942681354,0.71950363127254,13.560507389573168,pending,,,,,,
1007,1.9977140333400574,37.84547317475933,1.3819184398035156,8.59251181181153,pending,,,,,,
1008,1.2625189833312658,49.42591831937227,1.6929339581716758,6.30250498392583,pending,,,,,,
1009,1.998608114911319,38.240652346748035,1.5606141134242781,12.531468365359721,pending,,,,,,
1010,1.4107047701249238,21.451537901539844,1.9392172691843341,13.909639474454845,pending,,,,,,
1011,1.4527213132284709,40.8699277308971,1.9678000910349072,14.602397769253601,pending,,,,,,
1012,0.6733684966048464,40.82141301629592,0.5587402053829272,12.210913918470373,pending,,,,,,
1013,0.30453422635167976,26.071427018150114,1.1808045980074664,8.803374224684195,pending,,,,,,
1014,0.6088994629853698,33.29882905861594,0.11675741788728812,19.956924298671844,pending,,,,,,
1015,0.14687617159358113,27.096242364619037,0.6575899047311198,7.749411244602689,pending,,,,,,
1016,0.47625341883922223,45.08333828719717,1.0613789064515413,18.107223592558633,pending,,,,,,
1017,1.1093634092055897,33.47221725593987,1.410526926142015,11.479110357979291,pending,,,,,,
1018,0.9942321423195385,11.861923618332309,1.9908448285507765,15.578707293972537,pending,,,,,,
1019,1.5149143476239362,38.13717910615651,1.434105190158969,16.131358958532825,pending,,,,,,
1020,0.9380198426464799,17.38274219112777,1.3237497410524213,12.773284114729169,pending,,,,,,
1021,1.7870222861647305,13.25159422297292,0.23619042562301265,13.573774241309163,pending,,,,,,
1022,1.9257884183405336,21.333074173722657,1.1534720236398555,17.996282666947444,pending,,,,,,
1023,0.6382882803195248,23.904883834551935,0.9119053571110642,8.73295348829928,pending,,,,,,
1024,0.2375139073246678,25.91690535177538,1.0024154337468496,10.66261992536354,pending,,,,,,
1025,1.0958301022282642,13.15022402006651,1.0585789512895445,7.482120454055402,pending,,,,,,
1026,1.2435216629206953,26.531559151717893,1.3380060511508836,16.301274416603057,pending,,,,,,
1027,1.9222294336910302,41.16458019153641,0.39336147526449183,17.47644524976233,pending,,,,,,
1028,1.9198700645472284,28.405199653175572,0.5653974870491725,15.566831797879649,pending,,,,,,
1029,0.8937794542637489,48.04434037381063,0.60926046177493,8.163605965750893,pending,,,,,,
1030,1.112358091308668,42.79034374997892,0.8725962785078584,9.59486389282688,pending,,,,,,
1031,1.130319383227054,45.2353040723957,0.5144291470511102,6.750773804546245,pending,,,,,,
1032,0.8067715805318102,30.789197970110614,1.951511587361348,18.615862733468546,pending,,,,,,
1033,1.4935885992654796,14.77614865096795,1.2833532121652411,5.785599485398276,pending,,,,,,
1034,0.6676051260233719,30.71245792855292,1.8685511481236652,17.59846222235116,pending,,,,,,
1035,0.9247471305920657,32.049690236681826,1.290831626717545,14.771955148451854,pending,,,,,,
1036,0.4836562290095404,28.638222847162158,0.7772681998628043,16.6681774788128,pending,,,,,,
1037,1.4775312445353188,45.46608916012529,0.9409871319954164,13.025272467471222,pending,,,,,,
1038,0.19888897061265898,34.68569101045469,0.20484927028666206,11.807596051628993,pending,,,,,,
1039,1.9772073210319323,27.177306183300573,0.9739903867927079,13.631452274463712,pending,,,,,,
1040,1.1042753189429149,25.04963034232049,0.6082024072307164,5.005760581481444,pending,,,,,,
1041,1.0908168214102538,28.781714417999737,0.1672414688766149,15.33107819048259,pending,,,,,,
1042,1.2723909875188417,24.130115345342556,0.4033159992584673,13.23199799661765,pending,,,,,,
1043,0.5993927286038729,39.13994052309993,1.6736363211859495,15.556753427462569,pending,,,,,,
1044,0.17734971960095036,36.75300561552825,0.17459071269603213,8.756627111524002,pending,,,,,,
1045,0.9280001693549196,34.669472355286985,1.8504701388668963,13.187317057641286,pending,,,,,,
1046,0.27394504762456784,10.176540747448666,0.20354864867318578,8.892980148784591,pending,,,,,,
1047,1.0674510834351052,10.146350622989925,0.28796901403003594,18.1240371378708,pending,,,,,,
1048,1.1890094642122309,11.660926544487072,1.6769491915560821,16.002125506039008,pending,,,,,,
1049,1.4035879055600187,35.756201775956384,0.3588148481595127,8.150780288541545,pending,,,,,,
1050,0.42766537777037705,39.80999682636903,0.9999745120521687,19.7396992562661,pending,,,,,,
1051,0.4759805135209104,42.51490666129156,0.10496459519850551,16.020069246637643,pending,,,,,,
1052,1.2763529174163386,14.753968293178993,0.4502074522998356,6.371575470918601,pending,,,,,,
1053,0.9474206270357695,42.40170057418871,1.957288830241141,8.30180872239628,pending,,,,,,
1054,1.2709195129183901,48.143031793398016,1.0521769815253934,14.270818728851483,pending,,,,,,
1055,0.8813712330761346,35.836168108831096,0.453355434004052,5.625790085742543,pending,,,,,,
1056,0.6000998117157248,44.87196836336612,0.7683743738033803,17.124424812706206,pending,,,,,,
1057,1.3239221095294467,42.0504235361305,1.4945097945899914,17.36063397264658,pending,,,,,,
1058,1.9676234559073964,17.167928215713744,1.5838796531355617,9.058330728420598,pending,,,,,,
1059,0.7961160374294399,18.348103686472157,1.0337941615981812,13.063228244755708,pending,,,,,,
1060,0.2956585770118306,11.600142025642072,0.9404230572422742,18.40888624436217,pending,,,,,,
1061,0.4926994491662239,47.306028861818945,1.7964028263333638,19.165705892582494,pending,,,,,,
1062,0.48444052888054834,37.25887022724915,0.27208604540410763,19.859919033006886,pending,,,,,,
1063,0.42436589693293325,48.35486857911883,1.8653876990068357,18.428712342283546,pending,,,,,,
1064,1.6140881429552298,24.54282163707098,0.6844545956089175,15.051590517119154,pending,,,,,,
1065,0.704078612386297,32.43983910198751,1.3401962873673468,12.659950183807034,pending,,,,,,
1066,1.2525563057852513,17.67746191615598,1.3707713734811582,17.574089215627254,pending,,,,,,
1067,1.223712052713718,33.562708558616016,0.19960930454501863,10.658143188277013,pending,,,,,,
1068,1.5439361519797212,41.38513369216028,1.5700171930097806,8.703333410659798,pending,,,,,,
1069,1.874373702986831,40.510131772229784,1.5936461960436714,12.468787944291233,pending,,,,,,
1070,1.1084225794679952,47.512348628702675,1.3066342453572908,19.314852745025807,pending,,,,,,
1071,1.1923765408252387,16.136697231225806,0.6659141006436204,8.146420769287445,pending,,,,,,
1072,1.063233273571906,23.97336365055638,1.8579695101980556,5.142633884829328,pending,,,,,,
1073,1.5046114071456345,35.975316086197054,0.6164440603933082,16.2362561025823,pending,,,,,,
1074,1.8973910770718643,10.384517878421407,1.689294667520402,16.290717261586074,pending,,,,,,
1075,0.579243474855919,36.60851563511699,1.3844688174381283,8.52492560965058,pending,,,,,,
1076,1.506746699501553,12.239524752836392,0.36093394737554685,5.779465702664637,pending,,,,,,
1077,1.0262806704362544,14.107729190835109,1.082881067735701,6.000249811090243,pending,,,,,,
1078,1.1588237782390136,29.233628565995364,1.3214916663114789,11.890311631182321,pending,,,,,,
1079,0.5040690372997465,31.294767184413356,1.8641764999058794,11.810061613937815,pending,,,,,,
1080,1.9097855852926109,12.878870879696844,0.4207235319894854,8.448746558580899,pending,,,,,,
1081,1.7558387644021918,31.210291072233794,0.6701944336163547,5.752933168657548,pending,,,,,,
1082,0.8151494690863602,31.39616905207486,0.37640182129846844,15.550874409927435,pending,,,,,,
1083,0.9328635837789604,36.093864018870676,1.894300082644842,7.539938196136578,pending,,,,,,
1084,0.6585893418917015,37.68453603910788,1.4672488102800738,6.520616093948468,pending,,,,,,
1085,0.46053661075808283,36.65073451914603,1.134883482534094,10.126398772276632,pending,,,,,,
1086,0.7476692479504062,26.640580092836814,1.6366117637018565,13.013070588847258,pending,,,,,,
1087,0.7069442863921248,14.631381637069584,1.8002369277215977,17.55292724342409,pending,,,,,,
1088,1.3375143119483914,17.339115765274485,0.9900733654006583,18.76953168054977,pending,,,,,,
1089,1.6502994922332737,34.03960872089573,0.8051056348661983,19.468480116172962,pending,,,,,,
1090,1.0526851456910258,42.80119534201887,1.9059322939350027,6.958793771750231,pending,,,,,,
1091,1.6857997802011297,26.931275327190313,0.6231665914393305,15.90947124711434,pending,,,,,,
1092,0.8226088853653407,39.37380981507043,1.387847076570369,13.878316368768141,pending,,,,,,
1093,0.6469070996046256,33.44133654059225,1.7810181673422198,13.403170816961,pending,,,,,,
1094,1.048358544976489,20.68966079159457,0.5638218188990919,17.51054038983113,pending,,,,,,
1095,1.6589415570680037,44.20164282865217,1.6529786370201662,5.820578009644278,pending,,,,,,
1096,1.3005746258980175,43.07906245196967,1.4261436105422283,13.8432841516839,pending,,,,,,
1097,0.21732111493603334,24.060585486006314,0.33118622253884283,13.945931818287278,pending,,,,,,
1098,1.5557425267664209,16.218288229936036,1.623054183702486,11.275015682972839,pending,,,,,,
1099,1.8890848859265452,47.79942553934248,1.8403147660554555,18.5519084540995,pending,,,,,,
1100,0.5765221647292149,29.11745668667187,0.21973738096796847,15.828603260176095,pending,,,,,,
1101,0.22248100914432892,48.56065961884617,1.977365191950664,18.664085978587778,pending,,,,,,
1102,1.3990275791137265,34.11465779007126,0.3203681927172149,17.592482794740725,pending,,,,,,
1103,0.9741675773860169,49.90891246586297,1.3924091786739337,7.943665604072058,pending,,,,,,
1104,0.239499323712563,16.958732104730487,1.020006145450881,10.739281110998268,pending,,,,,,
1105,1.8002941889274253,49.61042107430318,1.5616528169485677,13.333470217403011,pending,,,,,,
1106,0.12973281926042488,49.57439453549099,1.5213125583866902,19.732489269113746,pending,,,,,,
1107,1.805133879570759,47.06038058767831,0.8893633726267625,19.187088299475626,pending,,,,,,
1108,1.9450048390813715,16.938492925048553,1.1740773922398042,6.4042269679233925,pending,,,,,,
1109,1.265536406129366,23.613174844758944,0.8136028936618923,12.551712068955307,pending,,,,,,
1110,1.362742259748719,19.119221594059514,1.3298824139508265,18.749071118985775,pending,,,,,,
1111,1.37311291444665,37.65389437404106,0.3187374088373159,16.599078794101295,pending,,,,,,
1112,1.2416941448954857,13.650998408115163,1.0489432873725764,8.81342958599998,pending,,,,,,
1113,1.8211490135449846,33.396386081969894,1.5434057746466674,18.233173817276715,pending,,,,,,
1114,1.6615466227867277,31.129775217116965,1.6141953354138177,10.327268879480275,pending,,,,,,
1115,1.7177823479631673,12.840234146628164,1.5505915265832784,13.225392349183828,pending,,,,,,
1116,1.7348903066628523,44.35157311065933,1.315685773506544,12.102666378267497,pending,,,,,,
1117,0.27613510934056384,36.110394157042265,0.1935930256420257,12.48991992826394,pending,,,,,,
1118,0.255874663382175,24.974952183066186,0.824678312108296,13.26421702004765,pending,,,,,,
1119,1.0292534280726373,20.190090638760275,1.4194445809574023,5.357989695653538,pending,,,,,,
1120,0.15401034638846137,48.128495934228496,1.5513660594035703,17.763219229473528,pending,,,,,,
1121,0.15521944049535014,41.41438016066421,0.8023758221900072,9.363500922166269,pending,,,,,,
1122,1.6032840529030885,39.64509965120291,1.2225753212396862,8.988185947833424,pending,,,,,,
1123,1.1645824542010537,36.995902552853934,0.811300715875073,11.953029124421382,pending,,,,,,
1124,0.12138499825045976,17.26844076433179,1.5028072209962788,14.355640069945506,pending,,,,,,
1125,0.3193345370052777,26.31753032510258,1.0406105956651555,8.694418299552211,pending,,,,,,
1126,1.9900569152863012,42.592779713470826,1.346778649676312,5.501158992811645,pending,,,,,,
1127,0.6995366037031511,20.118846480250337,1.6343307514100645,15.228340953391678,pending,,,,,,
1128,1.9057954299883686,13.941389859819164,0.7159173528308672,19.03637692691694,pending,,,,,,
1129,1.4558572380940524,21.996886824360033,0.7107112397054133,15.417101681964203,pending,,,,,,
1130,0.9539589254832127,33.89525614164569,1.750092718052552,19.34055394359833,pending,,,,,,
1131,1.854498095486825,47.34752710236898,1.0036450053880328,10.936106679777758,pending,,,,,,
1132,1.8819223482354388,38.582086642036316,1.0254252898523002,17.127986316393304,pending,,,,,,
1133,1.8094440509930003,26.44888294704195,1.3486592347613617,6.0077688885126985,pending,,,,,,
1134,0.30933863218166746,29.412584259216544,1.2144610617037181,9.073776410783877,pending,,,,,,
1135,1.2611103205646315,10.521237120304107,1.36962786544839,10.24476484484398,pending,,,,,,
1136,0.6009683187491909,12.052785877573632,0.12560677018562666,9.73008361112067,pending,,,,,,
1137,0.21973197640548636,31.48119585652416,1.5664060057879703,19.703059922911727,pending,,,,,,
1138,1.4609975402279525,41.94797485493646,1.6611503840864121,16.824434109275927,pending,,,,,,
1139,0.40211384460476773,34.978663698810664,0.20083504355984186,14.205462762909635,pending,,,,,,
1140,0.51332986059559,29.707543176645405,0.9094768831656904,5.688532141531783,pending,,,,,,
1141,1.472411470130519,47.862473209872405,0.9813637258917183,11.63958590250751,pending,,,,,,
1142,0.22518653906296957,37.92895622369477,1.1484205963118401,14.471060559984892,pending,,,,,,
1143,0.33411313057886266,23.458390608080947,0.7567146863296269,10.423309908269655,pending,,,,,,
1144,0.4472419474706717,31.305254508915755,1.639084409204242,17.396331924251744,pending,,,,,,
1145,0.47205993610540176,46.08656754692195,0.6694813416964925,13.922470956473438,pending,,,,,,
1146,1.0403002987611214,14.183693111306306,0.4936676801403087,15.449789898657556,pending,,,,,,
1147,1.312058793164026,24.32296588010888,1.2501116485782457,11.202987287818193,pending,,,,,,
1148,1.4212997331331587,29.72032190314722,1.133460509353045,17.73255231675206,pending,,,,,,
1149,0.8508043052177807,38.42185704192316,0.1772289590369654,11.93603239875934,pending,,,,,,
1150,1.6739315147406968,37.358959811450475,0.9800442217280211,15.972188700015897,pending,,,,,,
1151,0.5712193676958768,32.39682523075058,0.5323511625103435,5.711190578297291,pending,,,,,,
1152,1.5418942414348977,32.455409516273235,0.6207690871798177,5.395911371434678,pending,,,,,,
1153,1.5675025132056506,38.890048634009695,1.2319522658236703,8.083749679912662,pending,,,,,,
1154,0.302922950098093,41.07590220995333,0.39871556697473864,15.355063125523788,pending,,,,,,
1155,1.8244363939233048,44.16437556295,0.9958503709170254,11.057050055436523,pending,,,,,,
1156,1.2082816032785224,30.31464533800419,0.5390261185291125,14.422727009826204,pending,,,,,,
1157,1.3658737927069777,30.877239765793824,0.9003440885554489,19.854195130260678,pending,,,,,,
1158,0.22758388096504212,40.58012688140191,0.3528767478046033,14.034233973315306,pending,,,,,,
1159,1.8261895210288046,10.064972368909613,1.4472976200702476,19.83181402571705,pending,,,,,,
1160,1.320097546509986,18.290505805918116,1.2808429752861126,11.91308922255199,pending,,,,,,
1161,1.5173112264854356,16.694396541007286,0.61035659204197,7.396757819635606,pending,,,,,,
1162,0.4971145415009861,39.39332963572577,1.3183381143643185,10.28880201961184,pending,,,,,,
1163,1.4683157027742126,17.971462614386255,1.3440373239614365,14.925568902975211,pending,,,,,,
1164,1.489483118036185,27.617403459745514,0.9288902725475116,17.433763039035888,pending,,,,,,
1165,1.2421059806217132,31.977217893784633,0.7919065023225689,15.176051854283363,pending,,,,,,
1166,1.1238184847145412,49.21173274197923,0.6644886752087925,19.28295069231003,pending,,,,,,
1167,1.302148383286154,17.606546049323974,1.5450183049077895,7.158603326983853,pending,,,,,,
1168,1.0168234745248348,34.75638811035201,1.0119602288786138,19.603490069082675,pending,,,,,,
1169,1.5839320937501955,34.59084267038052,1.0754416085302327,9.85948517241995,pending,,,,,,
1170,0.7920830486400462,14.019713892400684,0.8123554859995532,5.953766699258138,pending,,,,,,
1171,1.4984208853712637,36.51917446221186,0.3879772823944726,8.970413982094657,pending,,,,,,
1172,1.494962658345909,12.1534341243903,0.41066878720283384,18.836745944386003,pending,,,,,,
1173,1.6891467768847017,12.929697895164058,1.5073581571551236,18.45648067978621,pending,,,,,,
1174,1.8331722359455866,33.04885767139824,0.6068957283811245,6.638068909367698,pending,,,,,,
1175,0.44574205208786843,22.259477975749807,0.19067493970715838,16.46292622256983,pending,,,,,,
1176,1.59881026478792,10.245793875252813,0.810486217815961,17.665350863186344,pending,,,,,,
1177,0.5589018330852633,24.609352025133752,0.24968541167119074,7.737717600539918,pending,,,,,,
1178,1.5196744714810884,40.11443166591018,0.5339827897584429,5.127673818289881,pending,,,,,,
1179,1.0779362297365243,37.62225183856482,1.3420516520154877,14.741924485798352,pending,,,,,,
1180,0.8954799137172214,29.143280066965694,1.9886023147039205,19.490573705231448,pending,,,,,,
1181,0.20000984756323803,43.853763925158745,1.520352279129705,6.477631338216516,pending,,,,,,
1182,0.20977155366220246,27.490185716860907,1.7677786018142005,10.622208406535542,pending,,,,,,
1183,1.8370657487475983,16.37509174803224,1.856345340654655,16.95028477096813,pending,,,,,,
1184,1.693487849930932,13.937344480492147,1.2075695302379357,5.85859635544479,pending,,,,,,
1185,0.951620526504107,22.891791157107413,0.599643606285476,19.96784701357977,pending,,,,,,
1186,1.6129142803239234,34.0002909033733,0.3219139953455735,12.909339283191407,pending,,,,,,
1187,1.482524692893714,35.49255262959367,1.9525971120824768,16.47802249789428,pending,,,,,,
1188,0.35545523252239153,38.460124562713524,1.1675032290011185,11.49838690772999,pending,,,,,,
1189,0.7641316737426086,43.725035161894525,1.0758287816015604,11.38939118334168,pending,,,,,,
1190,1.0721572994723618,33.00094011028632,1.4551918775447519,19.027860880432,pending,,,,,,
1191,0.8715320044474802,10.760565663173615,1.9077391418240939,7.859403502229319,pending,,,,,,
1192,1.497164797992504,39.04617619425236,1.7001337458701566,11.765190539640054,pending,,,,,,
1193,1.3496131609676811,25.22179256118271,0.25124527888296067,19.121220825174056,pending,,,,,,
1194,0.7359123621874145,31.628920384157237,1.426757425117334,8.725240817585558,pending,,,,,,
1195,1.306816372713244,18.596145380198067,1.8976239489827738,10.32252182664802,pending,,,,,,
1196,1.8581736022667719,17.128741816174962,0.17051533326458126,10.472129593543194,pending,,,,,,
1197,0.820507210353881,18.05815383936642,0.4509250959668758,12.242099055442567,pending,,,,,,
1198,1.5141049001470996,35.66644157854683,0.7827188156794996,11.043977067649678,pending,,,,,,
1199,1.1660737474627798,31.468354415223484,1.2010053055156846,11.61433621236991,pending,,,,,,
1200,1.5704216822358155,49.76936713951649,0.6258830303022701,5.438015686679929,pending,,,,,,
1201,0.1957424430269683,45.44500924906806,0.6055287276507406,8.248501339925532,pending,,,,,,
1202,1.601849668775651,20.832756111702608,0.6222878525792427,14.57319615612015,pending,,,,,,
1203,1.2052089957916092,33.60161506330387,0.7343745882243018,13.248738157953786,pending,,,,,,
1204,0.1686322656141595,34.6245000686361,1.3281931549040829,17.712906226428437,pending,,,,,,
1205,0.8093029417953381,49.46897900457523,0.6831633297124259,18.46652695984194,pending,,,,,,
1206,1.342342107439516,28.90630059871777,0.2073201731650418,9.76788709843905,pending,,,,,,
1207,1.3768428838757343,21.19966158696844,1.3327704144537735,13.16129655309793,pending,,,,,,
1208,0.46775995452928776,29.474783301704406,0.4086290141666413,6.841673889253563,pending,,,,,,
1209,0.11361764952264672,18.51000476614847,1.7641593603261279,19.775501634942476,pending,,,,,,
1210,0.5663523599306297,21.00365009000996,1.3521891125464824,15.117546729314613,pending,,,,,,
1211,1.8846066350746877,25.669056031173152,0.11189968303473441,7.319392539224076,pending,,,,,,
1212,0.9831949073356379,38.69498440129638,0.6515536225061997,11.701869250912317,pending,,,,,,
1213,1.0586892889369361,47.464892224771695,1.135936735377608,11.258011962367387,pending,,,,,,
1214,1.6687168348148758,34.959741445212515,1.1144806640627287,16.153361946390447,pending,,,,,,
1215,1.4764515558352092,39.108891822302425,0.25857440136272114,10.787934005346074,pending,,,,,,
1216,0.6598415883140049,23.801960418515996,1.6184741845015307,11.733327960407292,pending,,,,,,
1217,1.7207308850508816,31.567584425020524,0.1263196618989943,11.619396834627848,pending,,,,,,
1218,0.5306697176750456,42.20206352996993,1.9130346105706937,5.79948584185021,pending,,,,,,
1219,0.5541554251162982,43.581722092545824,0.32422751809862604,19.50861358347437,pending,,,,,,
1220,0.7939265884261032,33.271136610440905,0.45618016662017424,13.86821599239104,pending,,,,,,
1221,1.4166916552856668,15.857502366633351,1.4742693716117423,6.3859108768180555,pending,,,,,,
1222,0.7025516628254266,10.322210880428537,1.9008156291688758,16.508481764668893,pending,,,,,,
1223,1.3329124338910465,49.287003187555456,1.5002551081833349,6.139062892182274,pending,,,,,,
1224,1.778481641697975,27.80664032388936,0.14849783046013665,18.170446796554366,pending,,,,,,
1225,0.6062042449634609,43.9485927373133,0.7038929888287655,7.391293556678548,pending,,,,,,
1226,1.433931258479405,20.74200521473768,1.942327372962637,17.04718736121958,pending,,,,,,
1227,1.648306913182262,42.71867809606401,1.6746229364287961,15.840196401699867,pending,,,,,,
1228,1.256601387664311,40.22217314483353,0.8793060808908417,17.214231159673496,pending,,,,,,
1229,0.18163133328065073,11.251899601376845,1.257585608615445,16.437826669756394,pending,,,,,,
1230,1.630374585963377,47.020592424252825,1.6556071057177524,13.438936529180996,pending,,,,,,
1231,0.4191587989708513,22.786243947622314,0.19738909608602895,17.05259718103852,pending,,,,,,
1232,0.49874448351888523,39.03379544283163,1.8272894920926093,14.018679834740894,pending,,,,,,
1233,1.2906843471235807,29.26892734895595,0.46912514164244745,12.646294511303893,pending,,,,,,
1234,0.25682445251431607,19.937685055433143,1.6050593520072678,5.658023214544268,pending,,,,,,
1235,1.904220758960728,30.731966716618917,1.9687540662681366,19.711797635075314,pending,,,,,,
1236,1.1614626421854617,29.97733421486862,1.4010354906234974,5.88877452924903,pending,,,,,,
1237,0.29210567999434356,43.574647376451175,1.0948368545159348,10.819251041291711,pending,,,,,,
1238,0.4941958080287405,20.988409050548384,0.4356597841154122,8.339121217599693,pending,,,,,,
1239,1.9922408102354878,32.916058090472774,1.8061530175629168,8.333933151611564,pending,,,,,,
1240,0.7005873840998799,47.12709009172649,0.28427685942669967,19.95110621138013,pending,,,,,,
1241,0.17917762424158457,33.32406273028863,1.829514085002807,6.3239810581259475,pending,,,,,,
1242,0.26817462862902913,40.952176142265,1.7599290158228642,17.901642917776556,pending,,,,,,
1243,0.7591447584525175,14.295398364166044,0.8085709320774754,13.969938347715066,pending,,,,,,
1244,0.15058558735079067,24.08855959062215,1.5550378291983633,5.347756367177542,pending,,,,,,
1245,1.2207002990516225,47.84317782676428,1.9838078725124308,11.163126835858176,pending,,,,,,
1246,1.6645965104943912,14.663433663440216,0.1803262179911792,18.168752214010702,pending,,,,,,
1247,1.777300624772975,36.26541983463691,1.841872929393243,17.094731227578034,pending,,,,,,
1248,0.6663900461714053,45.80695509306374,1.52893365645222,19.360838725931636,pending,,,,,,
1249,0.9908614434373161,47.191886429887994,0.15581228776674388,17.10347169536761,pending,,,,,,
1250,1.9723103307947247,22.161013677896698,0.6721156551972408,11.201348783238128,pending,,,,,,
1251,1.8638675506175655,31.863618076453267,0.848494298585864,17.750708045608782,pending,,,,,,
1252,0.5255574642570586,12.509693474199324,1.603724799690137,7.913831194835753,pending,,,,,,
1253,1.8683440149132515,47.25276741213068,0.8876532295699815,16.87387128853113,pending,,,,,,
1254,0.47108851246108396,39.959117489554984,1.3510633820319142,7.529418201984299,pending,,,,,,
1255,1.5462720302648523,10.841803993370508,0.3748802735571347,12.188084265976137,pending,,,,,,
1256,1.0182733088611835,35.384175893474634,0.6583386713967059,7.5992165007251495,pending,,,,,,
1257,0.8115066269017719,40.7995388412753,1.16976881885722,14.30491522626569,pending,,,,,,
1258,1.953225873094664,28.893595890710383,0.7172268511417087,15.704737221278267,pending,,,,,,
1259,1.0042920142835323,13.402265934896818,0.3292487642923674,7.06786239094151,pending,,,,,,
1260,1.8125863680608634,34.33278842348846,0.7228099076445738,15.511407485065943,pending,,,,,,
1261,1.1352838161758017,15.490064789828025,0.8504796269983426,13.609813645227678,pending,,,,,,
1262,1.9427062171013225,19.9005587748469,0.8701771888614207,15.688132990849912,pending,,,,,,
1263,0.6211806154304746,23.49830020211126,1.9748129917637534,18.385898293363148,pending,,,,,,
1264,0.5405379546674598,10.043917696402135,1.7586080970386138,8.231647401374163,pending,,,,,,
1265,0.7778560210009531,31.589262478420522,0.8195447918221187,11.555830209130626,pending,,,,,,
1266,0.44597859622698555,29.6813913874185,1.4793086976199135,11.99739186586628,pending,,,,,,
1267,1.1022365221000823,14.83041234253925,0.9591978258883859,11.827079614448369,pending,,,,,,
1268,1.7367673341010017,34.857013628405674,0.6593968322466097,19.632067268968594,pending,,,,,,
1269,1.1155128073655045,21.15756094958882,1.4568432774642857,9.81702105589703,pending,,,,,,
1270,1.9392984371084554,32.06678805137438,0.8693542284870562,12.656939340136201,pending,,,,,,
1271,1.147251300293694,46.27741440012312,0.7122439399440873,13.418348225255318,pending,,,,,,
1272,0.13138842419681768,34.90614474152629,1.0652199559680038,11.067241995640966,pending,,,,,,
1273,1.5078537625934008,14.51529002941866,1.6937053073981614,15.110576836662892,pending,,,,,,
1274,1.0089527232050555,24.418331421939534,0.9846659622194439,16.52531092009927,pending,,,,,,
1275,1.8733600387496088,43.46327722742666,1.574451101827809,6.460855464950711,pending,,,,,,
1276,1.7377964054777526,19.8656652725375,0.8763785535595773,15.921750998010664,pending,,,,,,
1277,0.10488242082845295,23.401751668464282,0.3122113707184796,7.79638955286613,pending,,,,,,
1278,1.8074926984386885,22.080785475975222,0.9920497957743759,7.554114979165519,pending,,,,,,
1279,1.7199110432760856,23.36005220392126,0.7323645321508025,13.73751770564523,pending,,,,,,
1280,0.9704294652888884,37.02585664032385,0.1154397682081325,13.470868572808163,pending,,,,,,
1281,1.849508119819308,36.73424489914539,1.301810908837742,5.211754714419917,pending,,,,,,
1282,0.7320044346894911,36.426007295035916,1.2111819193251907,5.905755499036355,pending,,,,,,
1283,1.9853091354534684,11.297454250188823,0.698419178516935,8.656408268679174,pending,,,,,,
1284,1.5363012682589607,36.66213060056046,0.9569324691102605,19.047922633323402,pending,,,,,,
1285,1.4669748133306444,13.886798732050261,1.4900298848980267,19.59931173078121,pending,,,,,,
1286,1.5118369164838592,35.40764977199288,1.3283954511309919,9.080096204511605,pending,,,,,,
1287,0.6252965465686825,29.341256870111906,0.39062523103452274,11.488812498096989,pending,,,,,,
1288,1.0536788986554784,32.21007394772325,1.6987642534382896,17.98346981518326,pending,,,,,,
1289,1.6182343923579412,38.44449705865185,0.45993675897834596,10.361522576163845,pending,,,,,,
1290,0.9003718346510271,48.87686712608338,0.5834926073285115,11.377620905323624,pending,,,,,,
1291,1.120220782270133,46.02269154848334,0.3390529214589528,14.617095357061395,pending,,,,,,
1292,0.509416460462999,33.532317655406615,0.3630025571531492,17.931845298417947,pending,,,,,,
1293,0.3326417296564359,16.069569678158814,0.49204296900129774,14.760565056740472,pending,,,,,,
1294,0.40832933762805335,44.33968103050828,1.6622865458160416,5.222800820129783,pending,,,,,,
1295,1.6729205889426582,37.18306317866533,0.18084832707160625,13.291917100603598,pending,,,,,,
1296,1.6439904262722298,46.4646223854742,1.8445559779788616,18.43446306256523,pending,,,,,,
1297,0.999278418906426,33.55586417481028,0.6906564770730563,13.677922081087532,pending,,,,,,
1298,1.1746318609446273,37.87613659157748,0.8648059766022781,17.706456318369558,pending,,,,,,
1299,0.3923819987028787,14.971066096663725,1.4752643377227646,15.259014094303383,pending,,,,,,
1300,0.38565967433927884,43.88437125100147,0.4620793641817734,9.013550058082824,pending,,,,,,
1301,1.4004099792021696,43.028503763708656,1.4162154557584095,7.227146937980271,pending,,,,,,
1302,0.48694319724394497,41.87648958433867,0.7445361120007603,12.159320750653855,pending,,,,,,
1303,1.7908064095478284,16.334343015179286,1.5034831460438822,12.928256839096203,pending,,,,,,
1304,1.4264283882825297,24.6661832646301,0.18681388072340294,17.814733455203132,pending,,,,,,
1305,1.862360945454766,28.76562880380352,0.23240608814869196,9.475811886148595,pending,,,,,,
1306,0.6301763334545091,25.789663646101374,1.470110753186028,19.205807915742625,pending,,,,,,
1307,1.6212137521692391,23.984830931007085,0.15250859610910467,10.921081189785491,pending,,,,,,
1308,0.9656673086491849,17.89388654541689,0.6118942789369806,13.495840237081817,pending,,,,,,
1309,1.8388059590207808,32.77734737940881,0.34821039892646133,18.156990026263106,pending,,,,,,
1310,1.795603745376283,46.88756253823294,0.804587553777134,19.90990580731919,pending,,,,,,
1311,0.573668512135109,37.78208850919994,1.7512212623536205,17.798674655171023,pending,,,,,,
1312,1.8470533546801895,13.260747349862022,1.5730078697578214,19.180318031683903,pending,,,,,,
1313,0.6183269338653723,35.88957652383307,1.3462352179780004,13.613087991238055,pending,,,,,,
1314,0.4527323743326873,37.71911963200958,0.6404610902523235,8.502964955882183,pending,,,,,,
1315,0.6424404461946097,34.880080102401394,1.42440938794807,11.305445099921542,pending,,,,,,
1316,1.6945346076349124,26.815785379269368,0.4670528250623185,11.97227862719618,pending,,,,,,
1317,1.687708398299965,35.732099913753544,0.5700311081379121,19.079457203059597,pending,,,,,,
1318,0.14802470173497717,28.205467559409414,1.7179037486644515,12.823524347348815,pending,,,,,,
1319,1.925917782748045,35.32878324887666,1.0556836322692043,6.275883688902576,pending,,,,,,
1320,1.2291293125063993,10.790710146469252,0.862698296174278,17.54048785087391,pending,,,,,,
1321,0.9374090632096099,46.156121624518576,0.15892056540291244,6.35066488124088,pending,,,,,,
1322,1.6065807966865806,16.90672693498346,1.3136512356289942,14.011402682840977,pending,,,,,,
1323,0.36091977690485255,35.23088139925993,1.227198935146981,6.442264901958063,pending,,,,,,
1324,0.3723707829660251,13.737033203669002,0.8707924053021395,5.555225213852623,pending,,,,,,
1325,0.7578229547779247,45.57459653977916,1.414356180763864,9.79964071277913,pending,,,,,,
1326,0.5363150276850246,44.88222979028186,1.8725983987318315,15.282249968583688,pending,,,,,,
1327,0.16079567145393836,41.81763513812142,0.23929014036139493,8.349916609296619,pending,,,,,,
1328,0.4433279449994877,15.478928474705754,1.795163940133712,14.278094786091819,pending,,,,,,
1329,0.4897204547452644,25.693512725948924,0.9930015174447825,8.264663202830869,pending,,,,,,
1330,0.7899056756800523,31.028021693464858,1.098054694888597,6.226184431168585,pending,,,,,,
1331,0.2378416189824997,13.06495895788532,1.6206562942692102,11.87920076203882,pending,,,,,,
1332,0.5472181574138414,38.35438552677351,1.7552717903832926,8.299177849603435,pending,,,,,,
1333,1.8411369875296588,14.87812541867925,1.7743558405690683,11.522686270765979,pending,,,,,,
1334,1.3342237093720608,20.87526841754986,1.2969073033634937,12.012242307655587,pending,,,,,,
1335,1.1788349413269665,23.427695955627385,1.1158858944318544,18.346696577802973,pending,,,,,,
1336,0.9116572525054208,19.23693086162461,0.3022903066610019,9.406552452635445,pending,,,,,,
1337,0.7482172062079662,18.078370483579974,1.9987268065610795,13.323373952530412,pending,,,,,,
1338,0.6906438708583063,46.55127864024551,0.920892200399632,10.30475011452354,pending,,,,,,
1339,1.5088501672894628,14.712663643977322,0.14507493054877296,18.220165367679243,pending,,,,,,
1340,0.7823887649953172,39.34229189518332,1.9716396882788498,12.45982362513735,pending,,,,,,
1341,1.0797007971014771,42.83862530650525,1.9473473259007206,13.367173742502331,pending,,,,,,
1342,1.9156837504174686,38.03245698369563,1.7924529430623872,8.956091485951816,pending,,,,,,
1343,0.8316515043091168,22.44127100766682,0.9458895107758726,9.411663370465675,pending,,,,,,
1344,0.23218963461608907,27.42955343353315,1.58050304219547,14.3724944809514,pending,,,,,,
1345,0.19742120164219007,40.63593936883525,1.4046318884377926,6.272632942658381,pending,,,,,,
1346,1.9889453375371653,36.31471279790742,1.3451700460791305,15.698516179684798,pending,,,,,,
1347,0.8554039046286431,15.958881072922733,0.10048956527302554,14.607553729471748,pending,,,,,,
1348,1.3969668659329295,15.588506648653443,0.5096813893800161,14.678579559635347,pending,,,,,,
1349,1.0817022039445598,27.257640324444345,1.1233512821043186,18.520241205816177,pending,,,,,,
1350,1.7591077449347556,28.857329314742458,1.2758357929095643,10.651169155312804,pending,,,,,,
1351,1.250727060199437,40.32899467758257,1.5923855962852447,16.036721590187767,pending,,,,,,
1352,0.37169291276483374,29.284002328915264,0.2733913699340108,18.777996920757978,pending,,,,,,
1353,1.4222809906083749,24.056514993506177,1.7788821873750822,13.725762585318494,pending,,,,,,
1354,1.5486459152038898,22.436210550487715,0.21298901455486147,5.404732405334119,pending,,,,,,
1355,0.6154220253826592,20.16217591621405,0.21490076691409538,7.5827523075490895,pending,,,,,,
1356,0.8461722469157765,31.456242175118515,1.2378122779707905,9.535483445295927,pending,,,,,,
1357,1.030800901290089,13.660464462506027,0.733569022545971,11.941853901824938,pending,,,,,,
1358,0.27573736709556346,22.276626568883486,0.2934499674024882,16.65017295514279,pending,,,,,,
1359,1.8779959765654466,11.846147899915751,0.6813166585557611,9.876233189927254,pending,,,,,,
1360,1.2699632175490636,28.5968180173128,1.8959619106316656,18.274537664638306,pending,,,,,,
1361,1.1029555744760833,45.314117937355476,0.6477812788872792,17.704388812243337,pending,,,,,,
1362,0.17091352429490192,32.01766604257351,1.937452674570866,14.307823157150644,pending,,,,,,
1363,0.29966733212299024,35.92095508835999,0.41923307608074534,15.230765829297965,pending,,,,,,
1364,0.6947663396347951,24.192905248273146,1.128938465111389,16.992699052427238,pending,,,,,,
1365,0.10057632410665282,21.206309980001098,1.8809469083804549,14.000709149645571,pending,,,,,,
1366,1.6577148301716942,40.15472794664626,0.3363063745443089,6.9433972711105625,pending,,,,,,
1367,0.5500638256738989,47.081422497431156,1.9196164110154066,18.14933191582629,pending,,,,,,
1368,1.9205217869005948,40.40926947764254,1.2525999124500888,16.585324602673467,pending,,,,,,
1369,1.0377127379330244,26.194512090429303,1.2016966716522572,18.363495772070568,pending,,,,,,
1370,1.473834650408812,30.926570671430746,0.4814151012974113,5.188679517936252,pending,,,,,,
1371,1.8376887028621123,39.205879499399465,0.9711475333244058,9.94443359686618,pending,,,,,,
1372,1.057542344743444,42.12602248487375,1.823070742461026,15.794743175435716,pending,,,,,,
1373,1.9237495067527206,40.70354978265164,1.7306703354930786,10.409811355925182,pending,,,,,,
1374,0.22635298154320294,40.520530307066835,1.1499968341093796,9.753503830973205,pending,,,,,,
1375,1.8190199455209473,30.242834506461655,1.0068999674965249,6.584802590114037,pending,,,,,,
1376,0.7292276637249222,10.611735691050026,0.7746602341415536,18.35052377108382,pending,,,,,,
1377,0.42618592645839315,16.47741458135873,0.49431148116288415,8.48933423511385,pending,,,,,,
1378,1.1274944538014728,19.73514467560242,1.1543609665024974,19.869216553413693,pending,,,,,,
1379,1.6207011840670809,32.80539636565399,1.6410483567569754,14.904779572174363,pending,,,,,,
1380,1.6393174128566554,14.547985228852223,1.2588210240885538,12.59564873213489,pending,,,,,,
1381,0.19130675518511003,23.862185043990287,0.516885190710871,6.906268601244686,pending,,,,,,
1382,0.6980468950456877,24.785301688121436,0.8861053262076668,13.453959719038409,pending,,,,,,
1383,0.962805269697632,38.195571048123014,1.0031489782814462,8.708542952033454,pending,,,,,,
1384,1.5050856286470702,43.34067804553453,0.11136428744431598,14.299798699339416,pending,,,,,,
1385,1.3623200557840893,32.87193249247902,1.5957351817039462,8.967483961440678,pending,,,,,,
1386,1.2401657958379853,49.13044741388498,0.6541286924969049,16.731771328495213,pending,,,,,,
1387,1.6343040633327381,29.959900461735334,1.7702885426420538,13.63318557408844,pending,,,,,,
1388,0.8611124069746797,32.695320241260305,1.0459197371706144,7.545340053339701,pending,,,,,,
1389,1.642195067061459,31.401292550381697,0.5409401534052517,12.34710132126112,pending,,,,,,
1390,0.10183115991229351,29.20307943136401,0.5259103874422347,15.186307968313093,pending,,,,,,
1391,1.2662880748398377,17.24059615132716,1.121199943597241,17.335432860698948,pending,,,,,,
1392,1.4572885491485463,49.15205949658772,1.186408511962648,19.465251638428157,pending,,,,,,
1393,0.9285386465527432,10.287754114768198,0.8013589366012986,14.062531529246861,pending,,,,,,
1394,0.21028992879725447,40.00876924551565,1.302782936261769,6.570063590573479,pending,,,,,,
1395,0.8118983524669742,37.20990033259774,0.38596096444135675,15.855412013250174,pending,,,,,,
1396,1.3039281772367468,26.568575571821547,1.9588963643195132,5.166997598730849,pending,,,,,,
1397,1.3085083017403523,39.27094732130026,0.64629784145199,13.270388806934191,pending,,,,,,
1398,1.3355819073579316,27.688070393894687,1.1711515433132986,15.207136553705734,pending,,,,,,
1399,1.0026431091078827,40.38485287696605,0.6484994661158373,18.64711214080863,pending,,,,,,
1400,1.885639733489696,40.97943035712605,1.0669269757096551,8.94130343740842,pending,,,,,,
1401,0.1451992061955193,32.65497584481243,1.2790534688889925,7.297279572688756,pending,,,,,,
1402,1.5733295122157558,26.41388066915573,0.37684657151151923,6.348138085495544,pending,,,,,,
1403,1.6971322875572388,22.223891113334403,0.8204827622784409,12.672989331826248,pending,,,,,,
1404,1.7535227625494743,42.56452535087669,0.3180632618699054,14.972511579967083,pending,,,,,,
1405,1.9014380886381108,35.18367124126938,0.13570543391352233,6.244099871095036,pending,,,,,,
1406,0.8027041486106706,24.8266512923861,0.853611264476733,7.368724997882288,pending,,,,,,
1407,0.9310547425693825,43.874063132592255,0.4872365093250641,5.013290865765874,pending,,,,,,
1408,0.2638455348280917,43.421023444899404,1.037860444453936,19.434428674093247,pending,,,,,,
1409,0.3124880582068953,27.92347116242343,1.3060617414440931,9.907740923531438,pending,,,,,,
1410,1.3442960923414125,10.874085210426616,0.8635980564836105,19.059754661852125,pending,,,,,,
1411,1.7466359335921162,15.574668259114222,1.0161857000170356,15.801127753322056,pending,,,,,,
1412,0.5451629650955431,41.88714048729811,0.2277140472763696,7.0130610211810325,pending,,,,,,
1413,0.5350109389333002,20.08972584623787,0.9377114956967015,6.965105713511926,pending,,,,,,
1414,0.11492452092955878,19.244004830634857,1.0986700616765448,16.60509853379347,pending,,,,,,
1415,1.9570125946013879,46.96733068736053,0.9365025498753092,13.342137818104217,pending,,,,,,
1416,0.7371132075528862,19.970760278790635,0.3108662514509031,5.204990622317225,pending,,,,,,
1417,0.19464686379871202,30.47720228499742,1.644184921252123,7.617779086271497,pending,,,,,,
1418,1.1696839776397898,30.642288766979583,0.12745683306635483,14.865686983016971,pending,,,,,,
1419,0.9352183831460554,31.98310794841724,0.7003621797451475,5.264810317793153,pending,,,,,,
1420,0.5356828531928156,43.931326763375345,1.09563807321289,9.86851560175533,pending,,,,,,
1421,1.1433866832036668,46.991497408170844,1.5982097744588541,18.248904362221957,pending,,,,,,
1422,1.1567959193109556,30.480916798671185,1.4283476727640196,6.673810487475672,pending,,,,,,
1423,1.827363147210474,34.52240342099401,1.8814774608078288,17.175346708786492,pending,,,,,,
1424,1.9213094739613557,40.12456897035425,1.878185924235598,10.614396590383123,pending,,,,,,
1425,1.3826947432369143,10.470248333796464,0.2867464948392202,19.002501608315583,pending,,,,,,
1426,1.0731928078516582,22.076343353193753,0.6307286451659794,15.870004667609576,pending,,,,,,
1427,0.9731642096382901,19.75353171609484,0.15399763857538487,14.804946189030526,pending,,,,,,
1428,0.4321998316085117,41.378155036384726,1.6309606692202396,7.561584540680427,pending,,,,,,
1429,0.28196912457617146,20.91303392985921,0.5407088637814237,12.959182828631969,pending,,,,,,
1430,1.7122598071651696,43.33624482680389,1.449808180698433,11.758863693802946,pending,,,,,,
1431,0.44142994883540354,37.178252641674845,0.6630605088987631,7.7637101897420795,pending,,,,,,
1432,1.1900481512164174,17.783182203098626,1.904182956914997,13.820814716561074,pending,,,,,,
1433,0.14299744122597136,15.191354954015692,0.7536235791052736,19.767283882501772,pending,,,,,,
1434,1.0639066461492712,26.231439083184927,1.758760371180728,6.630659937949323,pending,,,,,,
1435,0.835313729953631,48.40751951866119,1.0416073085877533,18.96735030901853,pending,,,,,,
1436,0.8300049644175003,14.90735190557966,1.6969501959774722,12.266964562100494,pending,,,,,,
1437,0.9860287547444367,49.17190233276774,0.6289724019233139,12.08347832204981,pending,,,,,,
1438,0.2970293260906238,13.18988606009339,1.7354318322917892,19.93354137400891,pending,,,,,,
1439,0.38221302054276174,39.8868245120567,0.7128386181145557,17.16084254254126,pending,,,,,,
1440,0.701694719994532,43.97192990335104,1.225552893054798,16.082747560187535,pending,,,,,,
1441,0.4045696545500772,14.614528724159568,0.27840126976834867,17.645629165941315,pending,,,,,,
1442,1.2376114984994593,32.155981639957645,1.0726093162836445,17.675415090347503,pending,,,,,,
1443,1.912209484253591,34.22003521483161,1.1168260922397844,17.974038845688725,pending,,,,,,
1444,0.6376408513686765,39.51897903088205,1.6679734136225388,7.629670856924158,pending,,,,,,
1445,1.2521039453460372,37.14576838884278,0.5129846839147185,8.514423249212182,pending,,,,,,
1446,1.096844089493447,12.779517966066859,0.48886772087661323,19.69106474983921,pending,,,,,,
1447,1.4464124044066793,31.341183994873223,1.906791631281925,7.922589526642929,pending,,,,,,
1448,1.93024762445534,32.37751980577299,0.505071098791118,11.537706689435026,pending,,,,,,
1449,1.4184916626713449,38.41433890193973,1.4617902236306224,12.589969232276243,pending,,,,,,
1450,0.23027893830544316,22.969867231481892,0.8851085539161482,11.39224731224141,pending,,,,,,
1451,0.742508742711933,25.486456663378704,0.9772914695370452,18.049860232357688,pending,,,,,,
1452,0.9486339348175892,48.668484338752904,1.367724091718641,5.927773277711711,pending,,,,,,
1453,1.4999128090290956,27.39319236016643,1.0060232043906343,12.975826210390665,pending,,,,,,
1454,1.2062690649090912,36.1454736173836,1.2708891700366196,9.024999904066961,pending,,,,,,
1455,1.6841385757985212,10.752765203498777,1.5367508732300863,15.066526392369948,pending,,,,,,
1456,1.37063296928117,21.87715321293841,1.6218418677351039,6.59649881515848,pending,,,,,,
1457,1.5854065310687768,30.207671909167992,0.6034240844934297,11.529644506640272,pending,,,,,,
1458,1.5174158490022063,16.22540316237277,0.21019527621688466,16.939799215139573,pending,,,,,,
1459,1.8011984938415597,22.15189580412438,1.5403534630655336,17.284507849610737,pending,,,,,,
1460,1.6227366877323768,39.97108994463389,1.408470704149542,11.853102634455439,pending,,,,,,
1461,0.9979036629969681,20.270014135839006,0.778761025011076,11.18045978732058,pending,,,,,,
1462,0.12446683921735097,18.53640841782724,1.7311606832882693,16.218527882573838,pending,,,,,,
1463,1.520460111125207,11.093073980433125,0.4418373904908396,8.73791381908887,pending,,,,,,
1464,0.7213647418220437,14.252140469914021,0.8518482224436348,14.857484154520616,pending,,,,,,
1465,0.6587783645545735,17.457669465497332,1.8063603668863975,12.32677792236512,pending,,,,,,
1466,0.5235045233301429,18.42619930036748,1.8634374214873513,6.618956495342138,pending,,,,,,
1467,1.3402249178436774,19.455095109114026,1.32223705026952,12.81327628117699,pending,,,,,,
1468,1.0692988192735615,34.46905171721998,1.9314132474857522,19.72888238022332,pending,,,,,,
1469,0.33760344406976983,40.658656743126485,1.592800375708405,17.152734814678453,pending,,,,,,
1470,1.6523588767581852,48.55804311581612,0.36645512074417175,14.663774100658445,pending,,,,,,
1471,0.19308314302002766,23.544986236429683,0.9107711737283833,17.388813059705704,pending,,,,,,
1472,1.9030459189549151,11.902260126727246,1.9705622903208595,19.214999125503308,pending,,,,,,
1473,1.5269967996707419,28.281035392974736,0.7473506877403597,7.11494195782327,pending,,,,,,
1474,1.0872873370268914,45.27625148776889,1.9552450311825662,10.213474321573718,pending,,,,,,
1475,1.3696969348017387,45.336353472455066,0.8618929976247502,7.673246404951293,pending,,,,,,
1476,1.020133884602224,48.03526361725718,1.2398070131836696,9.524416454114409,pending,,,,,,
1477,0.6485108705714445,30.68814248191197,1.8885782899662038,6.812069296920405,pending,,,,,,
1478,0.959059809839202,49.19014990991103,0.4760553841103159,14.598373598631545,pending,,,,,,
1479,1.531150591758989,24.7152394642692,1.7043464588932304,8.35727858025379,pending,,,,,,
1480,0.5956682223376508,13.337303140396518,1.1134153424457058,8.273712831064952,pending,,,,,,
1481,1.6363570465568016,10.22509295479332,0.5351478054533477,7.640769855077653,pending,,,,,,
1482,1.3313384833374848,33.20270465910115,1.8209383439350617,17.398060591559766,pending,,,,,,
1483,1.8104636180792113,37.369172448139466,0.5553246556601208,16.614219140307544,pending,,,,,,
1484,1.0943319181623548,21.475883768930906,0.5539832430714493,7.081845458594817,pending,,,,,,
1485,1.1575920192359752,42.741118374614956,1.124278567693191,10.910490478636035,pending,,,,,,
1486,0.37073329432461344,25.085175841590555,0.30305508247170165,17.946455446222473,pending,,,,,,
1487,1.1724023155143872,13.429206111680381,1.9623641081994327,9.691072616585096,pending,,,,,,
1488,1.1320314078329325,34.255609012202434,1.3835204278161166,15.812520061415313,pending,,,,,,
1489,1.219002103315839,40.282959399732064,1.2407566683906974,10.901895943163336,pending,,,,,,
1490,1.7032672049444568,12.39614138682711,1.9767918589198075,13.673635890801247,pending,,,,,,
1491,1.3834575965532796,42.6948432304525,1.8990997798948843,6.17626688839783,pending,,,,,,
1492,0.9222767483937722,45.15023307505653,0.26158576041301107,13.71876528079086,pending,,,,,,
1493,0.8563900174343033,41.426362826097765,1.347778789983082,13.136679204998853,pending,,,,,,
1494,0.6406176621653907,32.19527961457918,0.11285164608106694,5.164164656741261,pending,,,,,,
1495,0.7666712823845305,43.685527076255546,1.3116255019439864,7.2890364854884435,pending,,,,,,
1496,0.7680918136233044,32.61007636955021,1.5693910343184467,16.433239816466443,pending,,,,,,
1497,1.8488919818676455,44.47963053340659,0.90715380949641,10.148843310829202,pending,,,,,,
1498,0.2209990879743486,24.51205064750077,1.3571246419097862,13.383146801863028,pending,,,,,,
1499,0.4073067620233659,12.969313724215592,1.8077196839814211,9.124738857901267,pending,,,,,,
1500,1.465234327467966,32.990630741755,1.4908468452467776,7.076854965870632,pending,,,,,,
1501,0.4952618501737184,37.95620629744624,1.4411690421304801,18.894796444464276,pending,,,,,,
1502,1.353284907161129,38.57137403275358,0.9607832264658083,19.97856464632632,pending,,,,,,
1503,1.1108564066025135,14.14079902655015,1.765966137390111,16.323584761024144,pending,,,,,,
1504,0.8949384017512536,39.179762192455044,0.4181242121110412,9.891469967271506,pending,,,,,,
1505,1.6982964692219025,16.662506591415195,0.4188768354406375,16.98628254259858,pending,,,,,,
1506,0.2334010961596242,12.26413381979938,0.7011354465554016,18.210891254708173,pending,,,,,,
1507,0.28641569829122426,44.50587470711106,1.594905605223277,14.462867631252486,pending,,,,,,
1508,1.8546967483717394,16.99301325064851,1.143675189899209,12.276391233923478,pending,,,,,,
1509,0.2363961073367209,39.75244857815891,1.3730425464897906,7.117112918917101,pending,,,,,,
1510,0.6237918634678183,46.375766816441654,0.47183390098818423,5.249339767849714,pending,,,,,,
1511,0.46294549232082194,35.45963246320236,0.44296511874296907,9.913622608275956,pending,,,,,,
1512,1.5349108032178311,18.180516812922836,1.9993215203576868,16.90561673796653,pending,,,,,,
1513,1.0754340789693961,31.055040333465207,1.5442239120572963,7.134387469683913,pending,,,,,,
1514,0.8790183940387987,45.03619747808898,0.6678770850031888,19.594808912162204,pending,,,,,,
1515,0.8667714235292658,13.382735005164177,1.4654526197966045,6.219005691576487,pending,,,,,,
1516,0.25823640054928043,44.45543043317671,1.1375055378552044,11.716524853688743,pending,,,,,,
1517,0.7982671955077675,24.289419458122122,1.2443329766777609,17.610781733214477,pending,,,,,,
1518,0.972123107833435,36.95930650501521,0.12419249647326655,15.197181158027727,pending,,,,,,
1519,0.11910213870356155,42.32930468194294,1.8752276023026215,8.889235986803346,pending,,,,,,
1520,0.13644237833230233,47.64481408889939,0.8985072046061533,7.1875722803776805,pending,,,,,,
1521,0.5226194792711956,29.919201008036833,1.2198775467560492,13.913971948898716,pending,,,,,,
1522,1.919013178949604,34.155826555291355,1.4421623629600473,19.498641069263854,pending,,,,,,
1523,1.3647267385625674,26.34487262665524,0.34293472599599817,8.630709168419914,pending,,,,,,
1524,1.713359888026589,18.669330529747754,0.25257543339049277,7.2159519346902465,pending,,,,,,
1525,1.485461934945374,41.6537234362706,0.2847611066376139,12.571741618307632,pending,,,,,,
1526,1.851268874188596,15.694256084389984,1.9092045812627554,18.84605468326494,pending,,,,,,
1527,0.717006845584848,46.165543053203265,1.4112455890870532,11.650764010005158,pending,,,,,,
1528,1.6082512545830794,27.47079622149606,0.7378440281611047,6.867393461429305,pending,,,,,,
1529,1.6371419091690178,44.78238632793639,1.7283771990318195,13.007718342592668,pending,,,,,,
1530,0.5167166006455896,28.686051464185248,1.709650565023317,5.2768153452229285,pending,,,,,,
1531,0.3650566560909482,11.972561929329554,1.1096070955074204,15.955938528960584,pending,,,,,,
1532,0.828863507953537,34.83089607246688,0.5455259803364437,6.128160121735744,pending,,,,,,
1533,0.9346578426794101,22.58170926880294,1.1612590535053446,5.652054040926668,pending,,,,,,
1534,0.8746275015894087,28.226094225049607,0.49635906404457486,12.255208471694509,pending,,,,,,
1535,1.6150102307206504,41.20148662480081,1.725807781461209,15.719445330997749,pending,,,,,,
1536,0.5293989349253847,29.866503712957197,0.5504878276752054,10.971903056603411,pending,,,,,,
1537,0.8248849848385612,46.77700568218384,1.713555340847441,16.149379662183474,pending,,,,,,
1538,1.9925367680461068,24.159630044689294,0.7956410102068284,15.299640585362202,pending,,,,,,
1539,1.4113596686981096,28.372759761883177,0.571745842095234,16.694784672153943,pending,,,,,,
1540,0.22346230525025834,33.41985510467306,0.8407447037683802,10.857138731016224,pending,,,,,,
1541,0.129098586671377,36.5959698105013,0.7900601374926823,13.20883795839403,pending,,,,,,
1542,0.5799651913550152,20.506504683187547,0.2980180435368665,9.04426608077183,pending,,,,,,
1543,0.6219551725516991,48.75535092932627,0.9058137336757651,15.207934715777437,pending,,,,,,
1544,0.613774322418835,49.87019322812237,0.1687490267594517,16.366006870283197,pending,,,,,,
1545,0.7722551111103293,25.965470146308007,1.8855913190438516,5.576859153971376,pending,,,,,,
1546,1.271384933033567,28.016989800705748,1.090287829870665,10.64420692759951,pending,,,,,,
1547,1.1424089545141454,29.031846815338817,1.2992184978204109,14.494612976297038,pending,,,,,,
1548,1.2936529458368988,25.530565793345648,0.3079979625830854,8.465705465734265,pending,,,,,,
1549,0.4107301835581557,42.90572974074217,1.8999962706146767,13.59673217324079,pending,,,,,,
1550,1.9801799950192267,25.56500635237974,0.9633647222111743,15.779354131882279,pending,,,,,,
1551,1.5665449899003816,36.70411910818334,0.18339597496201474,7.405881370642488,pending,,,,,,
1552,0.4063713786782004,47.56607725299534,0.2575936938574576,7.925333022333706,pending,,,,,,
1553,1.0016740004696225,23.035724293417076,0.16773019057219052,11.344656381479531,pending,,,,,,
1554,1.193958593009234,28.641399615241422,0.9015220290355059,8.992634499678845,pending,,,,,,
1555,0.9439189101905151,37.282438738195395,0.4310725505603218,6.903202738590927,pending,,,,,,
1556,0.33878763530884537,37.11726020694271,0.13904115324127214,18.312995284958394,pending,,,,,,
1557,0.3774980628611212,27.675126616151786,1.6540654773719792,12.62042440115459,pending,,,,,,
1558,1.4749020282767762,30.13281834167589,1.472046734629774,10.686381805687212,pending,,,,,,
1559,0.817186708010078,33.827903501556804,1.1259106954360545,12.61458479412145,pending,,,,,,
1560,1.238869789617143,21.087943304853077,0.13252184072765438,15.088524627141483,pending,,,,,,
1561,1.630861256046672,20.95465762621323,1.2867084587605584,19.225855686747664,pending,,,,,,
1562,0.8921966001540296,49.75807010986353,0.2431571598995783,11.264577015085242,pending,,,,,,
1563,1.5870337616608448,34.434527267577465,0.6351968698810545,12.738321764366223,pending,,,,,,
1564,1.9349526248407678,15.27430067709167,1.7010104887439412,15.419458873253232,pending,,,,,,
1565,0.1109034378902804,26.322001032003396,1.6242977022924354,17.567215432537033,pending,,,,,,
1566,0.47493697676200786,13.376744212387479,0.41459406804457766,7.331588350876935,pending,,,,,,
1567,1.3164118531665039,32.72729528253178,0.5907322110833977,14.792959737117698,pending,,,,,,
1568,1.0062569818598666,26.033634939128035,1.8309746059808993,8.872979479625597,pending,,,,,,
1569,0.6454630686486932,12.61499648904135,1.7715698839749752,13.39531274369045,pending,,,,,,
1570,1.036707556304766,48.18069179211,0.40216844528786777,15.569796142040236,pending,,,,,,
1571,0.8824736813542049,40.76777268128508,1.6025401719553196,6.657677126111823,pending,,,,,,
1572,1.9132878231901593,48.9448048482208,1.568512778314478,13.516754338617122,pending,,,,,,
1573,0.21175648946792913,30.820005884398633,0.1347843997312403,15.376108629340408,pending,,,,,,
1574,0.5941414425641535,29.538435545906964,0.6492489283443911,19.61883192034058,pending,,,,,,
1575,0.558478869626713,47.55824203294529,0.15694204799707828,8.715637674882611,pending,,,,,,
1576,0.6748896302476026,38.269170581346245,0.35268338913105535,7.1755332040773325,pending,,,,,,
1577,0.10984701520777998,48.99155080473159,1.9292706972005207,9.4993120469779,pending,,,,,,
1578,0.15433468605580983,26.857686899958225,1.1831077415397706,12.224485334640322,pending,,,,,,
1579,1.9962580389021483,32.844435794452416,1.497707732483097,8.797875761956893,pending,,,,,,
1580,1.1359503756634548,39.43196984570198,1.762696882088748,19.820923792132312,pending,,,,,,
1581,0.9045886703816519,48.69729560382239,0.6235632935001761,5.124723635073653,pending,,,,,,
1582,1.1170360384207614,48.514917922236464,1.3315723988980368,6.390951990343572,pending,,,,,,
1583,1.9990544158124348,23.945323942365185,0.5283039055812236,7.767940830560141,pending,,,,,,
1584,0.9615576883544468,16.84196908688478,1.03119099752586,8.67753158279598,pending,,,,,,
1585,0.6081148758219462,12.421882227763875,1.1462313964014097,8.534997011668045,pending,,,,,,
1586,0.936626059970159,14.591247966596839,0.3264971684222484,13.76966937898907,pending,,,,,,
1587,1.4959736028419737,13.571664983069473,1.539670592139862,15.425184428422009,pending,,,,,,
1588,1.0613855308885745,39.871207315789974,1.107582747916128,19.12479330158325,pending,,,,,,
1589,0.6040935897637317,43.486590502145994,1.5770804319398586,6.925009235714787,pending,,,,,,
1590,1.7911878996053854,37.776917933022375,0.2253757970424868,12.174659448733385,pending,,,,,,
1591,1.4516633624010253,21.745111979190234,1.3127693006301504,5.382903122175064,pending,,,,,,
1592,1.0880371397448292,43.08895602183216,0.29228348557255923,19.195812327314496,pending,,,,,,
1593,0.4507518119807338,33.868435002992236,0.15995626003842012,5.641656251332469,pending,,,,,,
1594,1.338173427343452,10.656586209016915,0.793489662722347,11.45909534642737,pending,,,,,,
1595,1.2536961020690753,21.83521899625502,0.3676499967831407,9.67220495935397,pending,,,,,,
1596,1.9289552433093096,41.18852786232067,1.3309683087509756,6.074688964568381,pending,,,,,,
1597,1.5387539420462497,28.43738223698417,0.3471053442798303,16.088280589586702,pending,,,,,,
1598,1.043403435735,35.55967701406646,0.8327353893448954,15.537913258872077,pending,,,,,,
1599,0.7561037038844315,27.792656859849732,1.6700283205726847,19.170030517881592,pending,,,,,,
1600,1.0222893757185134,24.274596755020998,0.43766012013488786,7.339802131068499,pending,,,,,,
1601,1.5599131541893019,10.995390697155873,0.22592303647290485,6.5340390943450615,pending,,,,,,
1602,1.1492003217516311,32.97640409309231,1.1496890460775497,10.636420701327022,pending,,,,,,
1603,1.7977712879079788,43.20478182794059,1.1842310584765814,8.258852355188413,pending,,,,,,
1604,0.7527028818695237,35.17085761140795,1.000991486737185,16.700504418805327,pending,,,,,,
1605,1.2883071106058095,45.374547670156396,1.3986924052448797,15.221949497003795,pending,,,,,,
1606,1.7322027611986275,11.627788293574019,1.8093194350123116,16.276312246141675,pending,,,,,,
1607,1.2783315781491478,19.678009499690237,1.882486819457256,14.509229235019008,pending,,,,,,
1608,0.7839451359253272,18.960223225140783,0.19127395952803716,8.67196597914444,pending,,,,,,
1609,1.987705169364726,11.200630092162088,0.37226336283770567,8.591447436796916,pending,,,,,,
1610,0.15147266543436227,19.981603288651595,1.2889556576367853,8.06556974698028,pending,,,,,,
1611,0.16189481724335109,46.711885615085855,1.6430794507208968,15.605943099838186,pending,,,,,,
1612,1.6599850358484078,43.002530951296315,1.990181542791691,13.757339734546797,pending,,,,,,
1613,0.7328883373272269,37.00895409800047,0.10682868377229975,17.96405923154599,pending,,,,,,
1614,1.8721681272362747,37.52914753291522,1.848775336941483,14.543665102221174,pending,,,,,,
1615,0.43856055484013023,10.481636862889772,0.16183668534611256,17.497222447381347,pending,,,,,,
1616,1.4293779193636333,27.516425499668358,1.71567680934891,9.468657045049579,pending,,,,,,
1617,1.9949611531484208,45.60212752610716,1.87112233542935,11.356953011766535,pending,,,,,,
1618,0.4441171467694429,46.0423469557886,1.0284115460249412,5.280590302827834,pending,,,,,,
1619,0.7934507175893747,38.495355175367465,1.9019312269228223,14.79752531276777,pending,,,,,,
1620,0.41341784429259887,37.82571281514002,0.4005091104640881,15.628260983628323,pending,,,,,,
1621,1.9324023180729295,27.859158054865127,1.5193879918854638,18.00016115733468,pending,,,,,,
1622,1.0127900093244846,34.26129619712506,1.2748676288948528,12.943397510839809,pending,,,,,,
1623,1.480547343063754,45.24320456935138,1.8792166257805156,13.37459318422399,pending,,,,,,
1624,1.9866850642897627,13.91600445156002,0.38024682389122855,8.923590601734144,pending,,,,,,
1625,1.5637929100873025,21.785076592428005,0.12897440844338665,15.480892325649737,pending,,,,,,
1626,1.6170228303097955,36.16302426962831,0.7550185180474699,5.244931966368852,pending,,,,,,
1627,1.232620276372112,35.36891462755992,0.6344350073089741,10.95320251570299,pending,,,,,,
1628,0.4140468621097658,48.7670689661684,1.2781753660771025,15.261606718390695,pending,,,,,,
1629,1.3566477283637712,20.541399944343123,0.8340425323231643,11.507293074820915,pending,,,,,,
1630,1.9430175913342829,10.545198199138113,1.482590405797091,16.79198136105543,pending,,,,,,
1631,1.8300844272863748,23.130462314539088,0.6443443619529493,13.566655286454077,pending,,,,,,
1632,1.422551707026751,22.49543457289281,0.18196721786105516,5.760639850504555,pending,,,,,,
1633,1.7677303523172734,16.086847606425856,1.5334364319391944,9.636550177566198,pending,,,,,,
1634,1.3075014959880948,37.548699864582744,0.5190108951806153,10.607532426396546,pending,,,,,,
1635,0.3431619787829949,45.910398189768316,0.6293109211581196,15.081149892965815,pending,,,,,,
1636,0.13764462184686588,21.318540970176574,1.7020811936218883,18.724923389907033,pending,,,,,,
1637,1.7687149803395046,46.85752327475055,0.9692752440650972,7.0255961445695645,pending,,,,,,
1638,1.4124878011197992,49.452644379848216,1.1607412460751745,14.524595555876193,pending,,,,,,
1639,0.2528813418005987,23.92313121808738,0.39386671353310965,13.590897897625455,pending,,,,,,
1640,0.68750758257039,33.96484242274457,1.4511655751007762,18.33477447854453,pending,,,,,,
1641,1.4273881177783183,20.060256104074014,1.168098326982366,7.229738268859755,pending,,,,,,
1642,1.4647610279566259,26.913955534073622,1.7389033951843276,6.5777255848518585,pending,,,,,,
1643,0.3954035569162687,38.37629986770828,0.5545905050358224,5.548080932636123,pending,,,,,,
1644,1.8283352326797446,38.16525405948758,0.12359971981898588,15.532176284915606,pending,,,,,,
1645,1.5444314828954,45.34181413296736,1.3176829209361378,11.820893250480548,pending,,,,,,
1646,0.17394909732178954,14.168056128694008,1.9282283493767733,14.853954210630386,pending,,,,,,
1647,1.6474759827019234,20.37518674279466,1.6084859666497453,14.667740472448966,pending,,,,,,
1648,0.5870445761419338,17.928230208480237,1.2078625966027252,5.030816151823546,pending,,,,,,
1649,0.9258379191010413,22.0305110040713,0.8145203148106736,13.118427425601265,pending,,,,,,
1650,0.7075458367767138,49.08076251473044,1.5134291625677516,11.40762860699262,pending,,,,,,
1651,0.3816818636636302,10.953226652089779,1.4470853059490347,15.889724890860224,pending,,,,,,
1652,0.6505437102076571,17.838453014577603,0.5177417292923999,10.748137271340589,pending,,,,,,
1653,1.785969011584121,34.06567720103781,1.4356110372930284,8.868575877845872,pending,,,,,,
1654,0.45875689749252024,38.71091617828164,0.2630979670656134,18.98283495372319,pending,,,,,,
1655,1.4632466537158484,17.520448662704872,1.4382707048874923,15.83683243755188,pending,,,,,,
1656,1.7272087403642788,29.16715397758064,1.5912211191376189,7.273094426099931,pending,,,,,,
1657,1.7159160765957648,43.31074111913408,0.3919702983040262,15.026269200717936,pending,,,,,,
1658,1.4479893970824005,46.538095007934366,1.0933377229416115,13.154956289473757,pending,,,,,,
1659,0.5178081986396299,23.46791927207751,0.7640993611387193,13.665972036214109,pending,,,,,,
1660,0.761424768895949,20.330369305017964,0.5199098197784469,17.245476219154135,pending,,,,,,
1661,1.2483335686292036,14.658053065007138,0.10573548328693735,17.76537344779142,pending,,,,,,
1662,1.9391873310063703,23.166403907957935,0.3498382123117776,8.86133027181402,pending,,,,,,
1663,0.7743542652107578,48.93354291048451,1.5109614035739085,8.821881193013365,pending,,,,,,
1664,1.7526581801250516,22.365596972225802,0.6605998976436699,11.169472822526576,pending,,,,,,
1665,0.2416455089394096,29.390474875448852,0.5154147916023719,10.041954878362672,pending,,,,,,
1666,1.8115661815658024,16.788638089127915,0.7293849138466558,7.833856601113887,pending,,,,,,
1667,1.8351698774269067,24.370807811243736,1.4710987531712316,10.627515630045085,pending,,,,,,
1668,0.7143298683876004,27.719873452508793,1.933763661981906,15.715765730730368,pending,,,,,,
1669,0.8176294757304601,43.752464001517694,1.7403838373772205,10.486576070010639,pending,,,,,,
1670,0.6636200378996185,31.749009149922777,0.20891070508082277,12.184978464713055,pending,,,,,,
1671,1.9826609494332648,16.48534748840421,0.34408718591120857,12.149780103611876,pending,,,,,,
1672,1.2744572181249867,34.44850695142755,1.7440895110537007,19.022086478004397,pending,,,,,,
1673,1.1101547620759264,23.180654988826717,1.2971283395209394,7.418596752145934,pending,,,,,,
1674,0.854752907796701,20.43787934785481,0.32770104217329254,12.788661036414425,pending,,,,,,
1675,0.7342349850356624,41.344199667031546,1.4917808212609263,18.87872771714313,pending,,,,,,
1676,0.762994246602317,28.35177233222623,0.1696432201797365,8.081826540783208,pending,,,,,,
1677,1.9154103545814123,31.716964517866366,0.3339743119503664,15.296448221142226,pending,,,,,,
1678,1.9736043939126153,48.59922124079851,0.5563353021351947,19.450418856732032,pending,,,,,,
1679,0.25133189214293894,32.48749831638004,0.3131579440175949,10.400132085701582,pending,,,,,,
1680,0.8833777275944742,32.53006532962077,0.8420556149609504,15.766393968756557,pending,,,,,,
1681,0.823636490614104,18.49057673323523,0.9345997458813832,10.162656010839811,pending,,,,,,
1682,0.9418943625220983,38.04014675670715,1.5576921828940038,15.518972949188969,pending,,,,,,
1683,1.2593804127852275,18.90473831686997,0.3010845315861016,18.86331384327748,pending,,,,,,
1684,1.2953147768410354,25.759463481175786,0.5608330578510083,14.451396130399814,pending,,,,,,
1685,1.8508084022051305,44.688058724465385,0.5525780462166696,12.414218013293473,pending,,,,,,
1686,1.7241502274825005,20.286777690040342,1.1446625131497439,18.58504449034428,pending,,,,,,
1687,0.46449852618220133,19.949231519944565,0.6784681724885665,9.442905228466117,pending,,,,,,
1688,0.8345195498099094,26.894290533798852,0.4798913278928676,10.558855117638506,pending,,,,,,
1689,1.5132653612001525,49.01540808672393,1.210122221719499,6.265361486306705,pending,,,,,,
1690,1.3222922392036687,30.14540430618597,1.4766461437896135,8.981433197281524,pending,,,,,,
1691,0.2465697897673921,19.00545191807616,1.7830346756681583,11.736781053572635,pending,,,,,,
1692,0.796420061967888,38.22189540085867,0.3832138378681248,8.483194221158307,pending,,,,,,
1693,0.48149828117281834,32.7069317996732,1.9481209803797417,16.84458624501206,pending,,,,,,
1694,1.08238644593828,42.26159823427418,0.18477638615808906,14.33487619541492,pending,,,,,,
1695,0.988527545966645,42.11537513889526,1.9966609006987368,8.560381224138187,pending,,,,,,
1696,1.4638588120089446,14.080762205110364,1.9451890738878912,6.756963620557189,pending,,,,,,
1697,0.7894817567106956,47.38936087567466,0.8064627860283532,5.078434002961927,pending,,,,,,
1698,1.0231636460876121,20.47624494336612,0.14232609433822793,14.890712437135369,pending,,,,,,
1699,0.9299318449102457,33.9041178117172,1.5587069112854441,15.67344560716795,pending,,,,,,
1700,1.2668782677052177,15.455280663407645,0.7979117507600493,12.969288424363155,pending,,,,,,
1701,0.7759547697044773,22.851835520442616,0.9084479737797116,9.99823912271937,pending,,,,,,
1702,0.9233194669382866,41.98597240775276,0.5267983617112435,9.228352594212236,pending,,,,,,
1703,0.9957750942049427,17.49213578275124,0.9539330678281037,14.14649804690313,pending,,,,,,
1704,1.9873305479173913,45.28750817801651,0.3037474391313111,8.847759863967838,pending,,,,,,
1705,1.564757935954801,33.49667662208569,0.575377088648927,18.471862666445666,pending,,,,,,
1706,0.1360362128646419,45.58202541877372,1.197518794437103,11.324408544663358,pending,,,,,,
1707,1.8561999545002215,44.25144490032676,1.0843562096808377,8.040659546521644,pending,,,,,,
1708,1.3814481541333932,18.72966788919005,0.1886783132433876,7.909625931390879,pending,,,,,,
1709,0.4038082525558482,13.300441511249486,1.9875352156407784,16.361497110124432,pending,,,,,,
1710,1.487196212518359,37.38435636115476,1.4226528992963354,8.052844845619646,pending,,,,,,
1711,0.7347760916984558,41.702615872276674,1.158922550825326,19.514308720972267,pending,,,,,,
1712,1.8031208662456932,12.31087452900687,1.9932507096014653,5.287041991450911,pending,,,,,,
1713,0.389203224237617,28.54405736148885,0.6268911605608991,11.332984123348432,pending,,,,,,
1714,0.3909311781216743,47.59993744439696,0.30450114017080365,15.182973860075778,pending,,,,,,
1715,0.3298031288558414,10.592668366459243,1.0398442903128178,10.455127832393153,pending,,,,,,
1716,0.17853048057036294,19.306856121282216,0.9666581535676851,11.777323124488978,pending,,,,,,
1717,0.29916596582177524,41.533970933539486,1.7252677349905805,8.246790809110282,pending,,,,,,
1718,1.0341465348100636,37.133949194931006,1.6502318973377907,17.080177865353726,pending,,,,,,
1719,0.31048743154950664,36.21877552195229,0.4540313071182168,7.661342014488607,pending,,,,,,
1720,1.4356239608083985,48.82442620527515,1.6721415383698606,14.756366041369626,pending,,,,,,
1721,1.8789884397174366,15.039275472041988,0.836026241508707,14.070157959875168,pending,,,,,,
1722,1.0351610272421017,14.260833624240453,0.23463699050416723,8.132475560998342,pending,,,,,,
1723,1.5798621585101469,18.55725502205727,1.6150618582638345,12.671883628820963,pending,,,,,,
1724,0.9458949855187567,46.75936772374289,0.10788156475081234,12.953688570773199,pending,,,,,,
1725,1.4427898478517167,10.441616093393725,1.7801953762071725,17.067413371046904,pending,,,,,,
1726,0.8787477498558467,39.852413067575924,0.45230745163683894,13.113877898528274,pending,,,,,,
1727,0.6160014209493452,47.936374639559034,1.6100176832634605,9.647182675633854,pending,,,,,,
1728,0.21684375575717169,32.744418329757686,1.8089918926638262,5.599038610374081,pending,,,,,,
1729,0.6969769661756061,49.63162929938517,0.9505023311259414,17.32130827260586,pending,,,,,,
1730,1.227434111356527,21.898079815813702,1.4855422636001512,19.33756583767309,pending,,,,,,
1731,1.6023479519048485,43.71831613766431,1.8389604277389606,11.294640325608793,pending,,,,,,
1732,1.7583542433579484,34.35253659728648,1.7047419735535156,15.733390477985502,pending,,,,,,
1733,1.1876550009735383,24.918088784372742,1.6860281359945106,14.824597740439561,pending,,,,,,
1734,1.4926315106081296,36.56734314831723,0.5291618958188025,12.71683058627059,pending,,,,,,
1735,1.5502185420193364,12.253326560805723,1.4056253905533098,15.016403609948478,pending,,,,,,
1736,1.8290521062274427,43.050624186946095,0.24187874917457905,14.81707953622821,pending,,,,,,
1737,0.17561275016445246,41.62131222106498,1.90836961250572,15.149064944607368,pending,,,,,,
1738,1.6709440871778654,46.00992928166605,0.297397879763898,6.182481029207216,pending,,,,,,
1739,1.81557911301934,13.20911589470287,1.1507147388785057,8.832331046960453,pending,,,,,,
1740,1.260293590875836,11.830429783198056,1.6118738515430964,13.6221760906072,pending,,,,,,
1741,1.9404529230040732,23.885860119360398,0.6975476791283984,8.323073237343715,pending,,,,,,
1742,1.0012814605267322,40.4301863465973,0.6886722441330851,7.268127278317465,pending,,,,,,
1743,0.5185537165943226,11.403169036983266,1.1985868868375478,10.531688415314491,pending,,,,,,
1744,1.7969425329559474,24.621453406497018,1.7433536014338522,7.93385872453049,pending,,,,,,
1745,0.8369425750964005,28.119223420822816,0.33830140872768355,12.997416606063588,pending,,,,,,
1746,1.9817453597104244,45.92953216639262,0.41218085692345374,5.179856192610454,pending,,,,,,
1747,1.1633826556272187,16.193237930429177,0.8156644377726713,17.26229827044528,pending,,,,,,
1748,1.3742643260084253,37.58055059839444,0.28133716731303354,13.215924629000186,pending,,,,,,
1749,1.1204331504440246,15.546525548634344,0.20373244346916594,7.666579217408678,pending,,,,,,
1750,1.0543752846125884,17.858912034602913,1.9240858272605936,7.407955145598635,pending,,,,,,
1751,1.5287359406876528,25.943984159981497,0.745364792596698,17.49446595941104,pending,,,,,,
1752,1.6780781600135284,20.201384949607302,1.7760184352727815,17.50590167913849,pending,,,,,,
1753,1.2885058241521488,23.52821922315905,1.7061565141412738,18.571742724290598,pending,,,,,,
1754,1.6871692166848757,29.301981742195267,1.9124742602126608,9.829540480561182,pending,,,,,,
1755,1.588101627852769,13.998478256800704,0.8434663782769327,9.487110950306299,pending,,,,,,
1756,1.4258568885897787,39.49669677069237,1.764875159946685,15.878255162996867,pending,,,,,,
1757,1.7023116835962468,32.32397174222989,0.2172999165005094,6.2973028950868315,pending,,,,,,
1758,1.1066443772962726,35.659730236622266,0.5682387938681938,11.686750497990946,pending,,,,,,
1759,1.0680666895241488,27.980865005449317,0.7079978169886071,16.556253179871383,pending,,,,,,
1760,0.8100196641058508,37.077674480458,1.6988996384467694,17.192507449116544,pending,,,,,,
1761,0.8700212222587937,31.604725051673213,1.6881288459271058,18.82673868640334,pending,,,,,,
1762,1.4978398087992317,41.45884807703893,0.5485152208588511,6.767793985668573,pending,,,,,,
1763,1.2357279406442445,21.497540240435548,1.2308639036159663,10.967559222463517,pending,,,,,,
1764,0.8072414897619349,34.99850860978367,0.9141476308391902,10.438689761584222,pending,,,,,,
1765,1.2341557828387317,49.48187830634031,1.6518646151656067,12.47839814597178,pending,,,,,,
1766,1.6359165077502904,44.006698445119405,0.7248493517147513,6.709432191983634,pending,,,,,,
1767,0.8273309274666187,48.00854819659489,0.9152521491905588,11.573251069745229,pending,,,,,,
1768,1.5837511761516176,37.909176737875065,0.766980867787508,13.40979002208019,pending,,,,,,
1769,0.7309383903999055,32.28419148275741,1.8132354174157066,18.283223683791817,pending,,,,,,
1770,0.7982487345080627,12.181119800445282,0.8673482030924785,10.76805558075855,pending,,,,,,
1771,0.30063023332352334,13.541158345182232,0.3849367861282277,10.135179284171812,pending,,,,,,
1772,1.6106348978360623,44.04437069860292,1.283851610495251,11.361184681468643,pending,,,,,,
1773,0.8309705465934146,43.78150373428494,1.8622176088110503,12.761349588585292,pending,,,,,,
1774,0.376623546042934,24.590927870693967,1.486861015661214,12.132776485709607,pending,,,,,,
1775,1.1481628220006175,34.095894320051784,1.1224856185081216,10.353117155049276,pending,,,,,,
1776,0.2235079076221881,42.47390669040651,1.7072086714136363,11.75675238165,pending,,,,,,
1777,0.327034164666778,16.808354133082624,1.0697327087352648,14.188285951533281,pending,,,,,,
1778,1.2490726177350309,10.833311360766018,1.5351701504391193,12.0219790526798,pending,,,,,,
1779,1.0480190357824102,21.676252166222188,1.8924422427609244,18.14523002210198,pending,,,,,,
1780,1.395257906091746,30.819330927808736,0.9266630864096586,17.926095049334194,pending,,,,,,
1781,1.8531567019889958,23.649623286507108,1.6821033219656618,8.291615894450365,pending,,,,,,
1782,0.9922626764509848,20.35177708585144,0.14449540895629462,18.55846259450375,pending,,,,,,
1783,1.7429966756191606,14.212146282138843,1.8250391450532542,6.522901540229282,pending,,,,,,
1784,0.569839463946262,46.23264629954717,1.4097350644211915,5.993864637795286,pending,,,,,,
1785,1.6625160319184398,30.397888264693535,1.8673365611989807,19.633382275576096,pending,,,,,,
1786,0.9774995404424056,11.161439909991996,0.962585389615372,10.795876203174178,pending,,,,,,
1787,0.6644295566099557,42.72438697274323,1.7223619389465057,19.139437685470163,pending,,,,,,
1788,1.600977792437097,11.157494329486436,1.1896290384683077,19.25211537473603,pending,,,,,,
1789,0.18251625967027515,34.877019357996424,1.1340395162252606,5.748691501397211,pending,,,,,,
1790,1.6196653547436022,24.31430446579955,0.22984459578977895,8.047813230790393,pending,,,,,,
1791,0.31679148657502115,29.132294531429416,0.3228813474328981,13.935431111906457,pending,,,,,,
1792,0.10604445914269,49.66832391089551,1.8157701857344881,13.239650966289465,pending,,,,,,
1793,1.7543645163009316,42.44613595297083,0.10271164087197933,6.695647561828788,pending,,,,,,
1794,1.5475750723367043,46.25451184040722,1.6174559665523824,14.979352271592061,pending,,,,,,
1795,1.739506794344444,19.83515125981011,1.1015048884276133,9.141852330775768,pending,,,,,,
1796,0.7057009633702324,15.769711453879351,1.2338725816676703,9.745176663300434,pending,,,,,,
1797,0.2051950974839148,25.314818088655013,0.36522498766543876,17.312588565385575,pending,,,,,,
1798,0.7461168289482352,24.689378067399876,0.49055629331590134,11.211480449632614,pending,,,,,,
1799,0.6022310565468396,48.788598451022985,1.8903826945887914,14.136090175155486,pending,,,,,,
1800,0.46885276351625615,16.589118360006765,1.8049874535406847,11.896967607526229,pending,,,,,,
1801,1.9653316136738233,18.764356089865846,1.8363863192457248,13.312269368397159,pending,,,,,,
1802,0.3633726127039061,44.67739848594681,0.546552565438804,9.102321155434197,pending,,,,,,
1803,1.508360075778421,28.195304604302592,0.5657920996146281,9.770419219117478,pending,,,,,,
1804,1.3490330653954945,40.91093035783008,1.7903943418645691,16.445138356535875,pending,,,,,,
1805,1.2843847965116975,12.786908376460326,0.5089031887619231,18.050831900717647,pending,,,,,,
1806,1.7423493572942819,13.096935037568954,1.7466911861968528,14.826432239851272,pending,,,,,,
1807,0.7651197100624236,20.304635412707512,1.1577072601056149,7.593536129701294,pending,,,,,,
1808,1.9906721432091161,40.31480795643397,0.9143425279711942,10.33456375359753,pending,,,,,,
1809,1.2266546139178491,38.75494352281966,1.363674818720328,17.892082544069627,pending,,,,,,
1810,1.631815215033111,29.81099262306283,1.3634653593102015,12.429224134589838,pending,,,,,,
1811,1.8346973404133429,17.4335381613493,0.9842835404727217,13.988690417921266,pending,,,,,,
1812,1.3053559856091688,49.64079091091759,1.3272602874642971,17.379839608261683,pending,,,,,,
1813,0.2667048829671794,18.86095736731837,0.5209100189956543,5.931295377942245,pending,,,,,,
1814,0.2193149669293556,33.70766473137857,1.2127845905910666,13.046623914079133,pending,,,,,,
1815,1.6231688081767999,16.343004977919843,1.662935580261545,14.527358566339979,pending,,,,,,
1816,0.889036125709118,30.746701669731458,1.738020951023481,15.14477646546094,pending,,,,,,
1817,0.6725363644862066,48.20378770540296,1.160196526125323,10.736857117175363,pending,,,,,,
1818,0.755352690434645,16.5498000052905,0.3240903978531755,8.62754996952079,pending,,,,,,
1819,0.37513162648276654,38.9175389643772,1.6420923574038087,13.524922164827577,pending,,,,,,
1820,0.6616330432496543,23.358002656797574,0.48231908618853814,17.031472535004227,pending,,,,,,
1821,1.1757688858573914,36.874950127573584,1.0781481053605355,16.074785833341124,pending,,,,,,
1822,0.9399197896825043,17.590891171915757,0.1516205711096555,6.0618607510313325,pending,,,,,,
1823,1.5293833652407745,28.94244199394336,1.5598051250198248,15.775085978169757,pending,,,,,,
1824,0.9640436090903213,15.065801212815074,0.5043666537243994,10.035809469749733,pending,,,,,,
1825,1.7892671327109497,38.66046352118988,1.7851501290419178,7.1655228056239615,pending,,,,,,
1826,0.8981399022988992,29.657107373704438,0.7805208911188144,8.06949250613308,pending,,,,,,
1827,1.8935280842984996,42.08255450167828,0.7493512323857349,9.383391196313998,pending,,,,,,
1828,1.5109683455475462,47.22312768262016,1.0502862124216779,17.23273330879608,pending,,,,,,
1829,1.7558800844913875,31.792606253989888,0.4473699934895917,10.26616574068558,pending,,,,,,
1830,0.8136664929322136,38.01562316838847,1.4176820629243778,17.19706239981865,pending,,,,,,
1831,1.2017061089364243,11.048657801611473,0.3850237277811882,7.63347335899786,pending,,,,,,
1832,0.4006502644407385,40.466959646401435,0.6669996631395411,16.04432784546393,pending,,,,,,
1833,1.877269860700178,27.404442797133825,1.7570413289411728,7.847099486054848,pending,,,,,,
1834,1.4596352559982402,17.18375288043771,0.8714560159652166,6.030728042596408,pending,,,,,,
1835,1.160334944720462,34.56242387266949,0.7145262711326243,5.527542011353713,pending,,,,,,
1836,1.1138695912455794,41.15438023960099,0.9523353145535329,6.976972338816418,pending,,,,,,
1837,1.5892120339112148,30.0832873826328,1.0643752337800776,5.311303365492472,pending,,,,,,
1838,1.5915803218755897,19.335247218285666,1.717786352728699,19.0730049420553,pending,,,,,,
1839,0.89973249670959,24.002785134472404,0.12982097715159474,9.431125463157874,pending,,,,,,
1840,1.419962199361786,46.924909340937845,0.43470506986059443,16.428066655481178,pending,,,,,,
1841,1.9542378014076482,19.128795738079965,1.8863837268750752,17.35467242739402,pending,,,,,,
1842,0.6770575205395896,18.44349227115305,0.6603245328576568,9.551497609279103,pending,,,,,,
1843,1.4017504996202048,32.231274403609234,1.4991358103977483,19.308260643864507,pending,,,,,,
1844,1.0151948302873681,49.27511531740423,1.8325920318849767,14.476981873143945,pending,,,,,,
1845,1.1857225354363206,46.79635055206886,1.8697444757445385,12.859762042172402,pending,,,,,,
1846,1.725490284684514,28.069087120199963,0.4781152924815193,6.1445866307626895,pending,,,,,,
1847,0.607270719879022,47.43833021765117,1.4698907540560906,6.685008710115781,pending,,,,,,
1848,1.3676689607725983,33.43459137395525,0.5360530604132504,12.017551069943579,pending,,,,,,
1849,0.7133385239698339,15.982089873238955,0.6318645259710788,11.466019729858179,pending,,,,,,
1850,0.5983440134615395,21.396474636203756,1.6004269067528174,11.659417174282225,pending,,,,,,
1851,1.2919615968619682,26.114206512879402,0.982042923893606,13.799303406459943,pending,,,,,,
1852,1.8660002096120671,15.281015298304728,0.6919849265969302,13.499553991473771,pending,,,,,,
1853,0.253579796711309,32.958473086482265,1.4325923237835094,18.511534038002736,pending,,,,,,
1854,0.5825291268560414,22.1224040514332,0.14838232959127184,17.773455228274614,pending,,,,,,
1855,1.287263834612375,13.701529125791172,1.164361746641899,18.49240922990419,pending,,,,,,
1856,1.9847273392787823,24.423549877881,1.138634468256898,16.802597246667823,pending,,,,,,
1857,1.4097487803385773,16.43182306247524,1.030680756819107,5.377238607355865,pending,,,,,,
1858,1.9415030402662092,15.11932428459258,1.088599463395548,16.543230913190264,pending,,,,,,
1859,0.15819314740700263,49.02548589800938,1.6252498336063028,11.929997587962443,pending,,,,,,
1860,1.2675932303694135,31.834605416902484,1.1403758673020665,16.921481028332366,pending,,,,,,
1861,1.0112884883350217,29.43594176696062,1.8432981442904097,9.291805361565162,pending,,,,,,
1862,1.927132759871582,39.25012010376565,0.27676672201134767,15.061181357720752,pending,,,,,,
1863,0.27890624909218886,44.53702399394433,1.342990842780364,12.781741403853577,pending,,,,,,
1864,0.16648836588415156,28.314234554894835,0.4046187466264506,17.74502721110953,pending,,,,,,
1865,0.8248294620145478,14.433853263494361,0.5618858171030805,16.883634373370647,pending,,,,,,
1866,0.43998913260058514,34.51599153795194,1.6835588651938644,18.607892575995045,pending,,,,,,
1867,0.5520791826294669,25.29473826726076,1.204995264383022,12.833359940015928,pending,,,,,,
1868,1.3578709034938485,41.27119292747774,1.9488649721304603,13.022878936280952,pending,,,,,,
1869,0.11258461337433273,19.542743935262614,0.9910292093403857,19.382014007557373,pending,,,,,,
1870,1.4795046444396789,46.50560307772865,0.22289695692068995,19.97690972043869,pending,,,,,,
1871,0.17430515563359544,28.446887145031585,1.3963875341819234,9.286389373106516,pending,,,,,,
1872,1.3264937845125384,15.820495911362544,0.9754044882550282,19.363347914100622,pending,,,,,,
1873,0.6986032001778727,26.080806503616017,0.2792995175042615,19.268098439580456,pending,,,,,,
1874,1.706425796749496,49.80046810074569,0.5634548378978926,13.448261230110862,pending,,,,,,
1875,1.62664935385942,25.87492188089995,1.58748088407391,8.65028598122051,pending,,,,,,
1876,0.8427246434730522,14.695519154089917,0.18403186546904068,9.115705005657201,pending,,,,,,
1877,0.29129654744137806,33.92966794351619,1.305202383670507,17.606916281915787,pending,,,,,,
1878,0.9012538306830041,44.97359128003506,0.42793246113541894,6.231861526694114,pending,,,,,,
1879,0.5417519735697853,22.652654613554756,1.54955594381243,11.287637651431938,pending,,,,,,
1880,1.9379512104591181,23.757185500229497,0.3066512894543856,13.433530255639326,pending,,,,,,
1881,1.909381483108361,38.29200391173198,1.0471810018648613,7.730155491020535,pending,,,,,,
1882,1.4330186568659602,45.50198162489997,0.726238402819274,12.424829958692214,pending,,,,,,
1883,1.7622170762370495,12.654172733310808,0.49804340865391217,18.32732280913674,pending,,,,,,
1884,1.8129334919096736,18.802505506074482,0.14146465889524948,6.015776769553007,pending,,,,,,
1885,0.7110039914736631,21.12318795201463,0.2282643310408601,13.731474342071007,pending,,,,,,
1886,0.7255338757199956,30.229715260366543,1.859594769972604,10.28296871060249,pending,,,,,,
1887,0.6349594389495098,26.492722537332163,1.248258001148137,7.147468848792331,pending,,,,,,
1888,0.9677528301455864,42.54621554648615,0.1496035661051701,12.894476636985178,pending,,,,,,
1889,1.8223595456054624,31.101119987965056,0.7881853722756194,9.66496666459449,pending,,,,,,
1890,1.4460556133845546,11.43653653246149,1.9225189864443581,7.809705320137288,pending,,,,,,
1891,0.907482983318588,30.022588434094423,1.334819168975737,14.550674804756975,pending,,,,,,
1892,1.568400705546807,19.41096767732611,0.4223499210032514,5.5143757474857455,pending,,,,,,
1893,0.7155169567555586,16.65300118076603,1.4688496019124897,19.666956115455193,pending,,,,,,
1894,0.6143305464014209,24.993415953945608,0.8807430142954459,19.683775671716973,pending,,,,,,
1895,0.7211376312165626,41.46005922871022,1.6298726321064467,9.602475727454543,pending,,,,,,
1896,0.5528043764403499,10.709418732277959,0.25356047053001507,13.795326388862632,pending,,,,,,
1897,0.7121838427123276,45.17264083690399,0.7755145719399892,18.813427142263404,pending,,,,,,
1898,1.522344646061689,22.101925903741236,1.781502745198681,18.704607013267108,pending,,,,,,
1899,1.2323077998735736,31.196671739693524,1.616891005964825,19.06269478076084,pending,,,,,,
1900,1.4620212183124615,45.12264032947806,0.5299410799752456,8.188841942685796,pending,,,,,,
1901,0.3687832872454324,15.972908510099984,0.27062138595035956,9.960585574336358,pending,,,,,,
1902,0.7162550421848332,33.06564350389473,0.10868581055811385,5.979303752128723,pending,,,,,,
1903,1.056389731046514,28.807653938090652,1.7868658636855557,5.836669586528313,pending,,,,,,
1904,0.47943276819813274,13.584428396914902,0.6871967547469331,11.135092206649482,pending,,,,,,
1905,1.3431497348701407,49.84797391493722,1.0495569938169391,18.794743290125716,pending,,,,,,
1906,0.306723896754894,26.667868109283745,0.11383473332468212,14.324365746021195,pending,,,,,,
1907,1.7250457762104054,16.299229944307204,0.9928792013737575,6.8486847711505225,pending,,,,,,
1908,0.10244427009753035,27.721180347914885,1.4023613749967958,9.212402894286706,pending,,,,,,
1909,1.1266830483051902,42.025717395595294,1.866270082887586,17.638095916178166,pending,,,,,,
1910,1.839950433468516,48.456639913094214,0.3305031078483506,15.463702290560958,pending,,,,,,
1911,1.0841424691254276,40.08093369912727,0.23163032067002318,8.496997951118084,pending,,,,,,
1912,1.780729800646339,25.335264601534433,0.44650622242632143,12.307341156761787,pending,,,,,,
1913,1.5709993068749932,27.919303784841137,1.6813665307938424,10.38433706630596,pending,,,,,,
1914,1.9137704077450546,19.14803557778194,0.5007216399845186,10.011114101869618,pending,,,,,,
1915,1.936121137599808,47.917169393743265,1.063773210942809,15.002104095973365,pending,,,,,,
1916,1.32893685388393,28.56933998420848,1.0804094657536065,12.899272855282117,pending,,,,,,
1917,0.3647674635251026,17.947061298873884,0.4830218759173137,18.199440581881156,pending,,,,,,
1918,1.5018872664904714,17.31330515949597,0.9956320891791386,14.912574863627205,pending,,,,,,
1919,1.8747373618091376,35.61077167295604,0.3547389348152611,10.021357408902091,pending,,,,,,
1920,0.596432460172511,36.45134635837839,1.0446685660325807,16.718480231352864,pending,,,,,,
1921,0.5883076151480836,30.456423063314816,0.24761184461323646,12.110524963014756,pending,,,,,,
1922,0.4550771058665143,38.39567089791345,1.3608790224730258,19.848507084814106,pending,,,,,,
1923,1.4542005988320321,13.138972603065765,0.8287559813153429,8.584731156691753,pending,,,,,,
1924,0.11688141717235509,48.81936847371511,0.4240146271531351,14.109067662247162,pending,,,,,,
1925,0.3256716112225927,45.216857174161184,0.772815923156519,12.039843646996957,pending,,,,,,
1926,1.7352988378964014,41.72916861709095,1.7483707729825908,17.83672010076034,pending,,,,,,
1927,0.33159050156966124,24.84262113529362,1.670559678747006,8.612164036164783,pending,,,,,,
1928,1.96396657761695,47.74403894969349,0.49303585074624934,16.85520563010906,pending,,,,,,
1929,0.6695350752072665,29.254400621797743,1.2292746093166058,7.260960377209435,pending,,,,,,
1930,0.7992662551386233,24.027156205648517,0.356600672168477,10.71088880599956,pending,,,,,,
1931,0.7453696739696878,33.81492896453888,1.4874164308634161,12.850514889564796,pending,,,,,,
1932,1.6794137435772976,28.506758584395435,1.1421566050145253,6.027333990481292,pending,,,,,,
1933,0.12734267120040332,45.00553612885109,1.5563109142125071,18.819900619250213,pending,,,,,,
1934,1.594120212070008,49.33687482111377,0.19553072867664575,6.433014317605507,pending,,,,,,
1935,0.11859993815719164,36.018842128785295,0.624598254697162,5.024312631421301,pending,,,,,,
1936,0.6520002262815504,14.396339290830523,0.9262310293642902,9.391019855220582,pending,,,,,,
1937,0.8926834861419379,29.846674835883235,1.0095966856115302,6.419487370695935,pending,,,,,,
1938,0.13446720864601866,21.598613079881414,0.36486084548817,7.427786980959498,pending,,,,,,
1939,0.7284443456703389,33.77258276091969,1.7854800746438726,16.893480206127332,pending,,,,,,
1940,0.9091589138176167,43.54107619910282,0.9302972202626794,16.138665332424807,pending,,,,,,
1941,0.9962196511461172,21.176888232482497,1.2645290795108137,10.006363736289025,pending,,,,,,
1942,1.4407747194905225,46.49560580535702,0.5977425478630017,14.961632039727483,pending,,,,,,
1943,0.18513311812978844,15.008544381934215,0.4015376323179498,10.447938396299762,pending,,,,,,
1944,0.2400929965468241,40.45959545220587,0.21833135352591554,12.70245766060376,pending,,,,,,
1945,1.2945090269658395,15.704004217809223,1.7994406747012786,14.879496735616305,pending,,,,,,
1946,1.5825175798071636,24.355480410611953,0.23744770909351767,8.136399431604396,pending,,,,,,
1947,0.8009234863005291,18.831493640690734,0.8318595268877539,13.08159667559352,pending,,,,,,
1948,0.1329964642829501,14.372848274373197,1.5674416542567815,19.810987751707472,pending,,,,,,
1949,0.7383127724924221,44.98210409537892,0.5138440114133185,19.615878862572885,pending,,,,,,
1950,0.7689768916492754,41.85037007175234,1.097328767462801,9.86118224697275,pending,,,,,,
1951,1.0423026714331196,19.5176911149791,1.0252006855813647,11.124019669322156,pending,,,,,,
1952,1.9555073418830038,36.075953042463446,1.2492350046313205,8.760475481485154,pending,,,,,,
1953,0.4168115804546486,29.99962860090512,1.6962579693342228,10.698067859223366,pending,,,,,,
1954,1.0700417532379767,17.689465685132742,1.5086428662728266,11.875177058586573,pending,,,,,,
1955,1.315024572016474,34.76487765992067,0.916756442978697,5.520726638876118,pending,,,,,,
1956,1.6253537677724914,25.370617853421322,1.5468565363415245,15.757840806158564,pending,,,,,,
1957,1.2692091858185215,36.84982370788758,1.938804058173637,17.81996738409002,pending,,,,,,
1958,1.5406006021253638,19.171373301666844,1.1198855274059678,15.245479879167627,pending,,,,,,
1959,0.862903690964447,17.15477232790711,1.9954119207538377,10.341219485469676,pending,,,,,,
1960,1.43679225102888,39.01475038061573,1.6654425430615283,18.238132920764592,pending,,,,,,
1961,1.4905055357051649,40.49024913886143,1.81546077890132,7.200745306572467,pending,,,,,,
1962,1.9769057608289466,46.57156308905889,1.6087606269868737,19.23242263851705,pending,,,,,,
1963,1.116230288446927,26.839590040050652,1.2414557848808996,12.454160424930189,pending,,,,,,
1964,0.14448218139019398,47.04703286489657,0.24076538404596967,6.364308074001742,pending,,,,,,
1965,0.49116653720029524,11.592874472111077,1.2156696371242472,17.468104560410907,pending,,,,,,
1966,1.9286351355623403,35.27967878073814,1.1217373445905656,12.432562930442298,pending,,,,,,
1967,0.5264423739771392,47.21873047632823,0.7438959623209803,13.3605706340569,pending,,,,,,
1968,0.8898547015550593,49.97774717925183,1.7335515398666792,18.921780620117342,pending,,,,,,
1969,0.9808064061928623,36.3462261178565,0.2216981009434856,5.407738146379277,pending,,,,,,
1970,1.382429083131039,18.614458809008507,0.9974525480089754,6.563272858083093,pending,,,,,,
1971,1.0710397730013557,44.921856943167576,1.0910376295924942,8.778343824188582,pending,,,,,,
1972,0.5807039420468186,31.722486119706108,1.060376671711103,6.858214483228985,pending,,,,,,
1973,1.5968178875584873,32.78958998941924,1.7415861779104242,15.593773679139458,pending,,,,,,
1974,1.467820493309784,19.375366425923424,0.6715274160084433,17.671966088251445,pending,,,,,,
1975,0.3539648327336412,26.87011523817693,1.5993396474478707,12.796691384349195,pending,,,,,,
1976,1.3861329701060385,21.538702474716324,1.3531674186132332,5.942208641788266,pending,,,,,,
1977,1.0103895602310844,39.31123659015625,1.0274686373245396,14.703716403963316,pending,,,,,,
1978,1.871294083622827,34.185807582420665,0.6785636020687035,17.562428267749493,pending,,,,,,
1979,1.706802610871124,11.579190776473173,1.9249933715551377,9.377467478327175,pending,,,,,,
1980,1.8234332741055355,49.22383564059419,1.0469154368388607,18.12614069165673,pending,,,,,,
1981,1.0846910187215844,39.53821082432801,1.1323659698422528,17.86545025616197,pending,,,,,,
1982,1.7718023343311886,36.97795339562585,0.919678428974566,16.661528458513683,pending,,,,,,
1983,0.3899728553956754,28.93275829037801,1.5123579353384928,16.164691202535458,pending,,,,,,
1984,0.9671002191162925,48.53532907091693,0.2110708314215857,19.425537452782066,pending,,,,,,
1985,1.2831444059839352,45.838209013090484,0.8474688266801564,18.633399798320525,pending,,,,,,
1986,1.5804959296631775,28.75536020799837,0.974812663501879,16.395028348249284,pending,,,,,,
1987,1.696438695057491,23.77854704100553,1.5485391389385699,17.483491989121486,pending,,,,,,
1988,0.20328826099521935,36.93592723377024,0.12235137116547747,7.141917578807076,pending,,,,,,
1989,1.684842894484321,23.82711013214367,1.4069842864192388,14.343533307352496,pending,,,,,,
1990,1.372770200166703,31.542741317423854,0.947832377113338,9.994011971706275,pending,,,,,,
1991,1.5650990963255593,24.737524998496546,0.3891011216783814,13.285388024243572,pending,,,,,,
1992,0.644565846395546,18.225082035771855,0.7525549995568644,13.808107229380434,pending,,,,,,
1993,1.217668935105663,16.25482460266285,0.7691353583648594,17.896026304301053,pending,,,,,,
1994,0.3156155024498678,42.35785306634797,0.2507645497543731,12.287931393082676,pending,,,,,,
1995,0.976828547217049,38.11887415208748,1.1519189086087889,9.56753199949889,pending,,,,,,
1996,1.1819338738569192,48.324158828157735,0.6136490183525535,8.47799654311352,pending,,,,,,
1997,0.2619487907722684,16.972568914174474,0.7744497888923559,11.585400845712197,pending,,,,,,
1998,0.30177265901007344,35.84099683031754,0.1578012014697155,16.110545115629098,pending,,,,,,
1999,1.6290421991597994,36.12558995216559,1.504704620492082,9.45014699193495,pending,,,,,,
2000,1.3461794634041582,33.588674013704,0.4701086782883731,7.042606942977498,pending,,,,,,
